3,"1Time Airline",\N,"1T","RNX","NEXTIME","South Africa","Y"
10,"40-Mile Air",\N,"Q5","MLA","MILE-AIR","United States","Y"
13,"Ansett Australia",\N,"AN","AAA","ANSETT","Australia","Y"
21,"Aigle Azur",\N,"ZI","AAF","AIGLE AZUR","France","Y"
22,"Aloha Airlines",\N,"AQ","AAH","ALOHA","United States","Y"
24,"American Airlines",\N,"AA","AAL","AMERICAN","United States","Y"
28,"Asiana Airlines",\N,"OZ","AAR","ASIANA","Republic of Korea","Y"
29,"Askari Aviation",\N,"4K","AAS","AL-AAS","Pakistan","Y"
32,"Afriqiyah Airways",\N,"8U","AAW","AFRIQIYAH","Libya","Y"
42,"ABSA - Aerolinhas Brasileiras",\N,"M3","TUS","ABSA Cargo","Brazil","Y"
55,"Astral Aviation",\N,"8V","ACP","ASTRAL CARGO","Kenya","Y"
72,"Ada Air",\N,"ZY","ADE","ADA AIR","Albania","Y"
83,"Adria Airways",\N,"JP","ADR","ADRIA","Slovenia","Y"
90,"Air Europa",\N,"UX","AEA","EUROPA","Spain","Y"
93,"Aero Benin",\N,"EM","AEB","AEROBEN","Benin","Y"
96,"Aegean Airlines",\N,"A3","AEE","AEGEAN","Greece","Y"
106,"Air Europe",\N,"PE","AEL","AIR EUROPE","Italy","Y"
109,"Alaska Central Express",\N,"KO","AER","ACE AIR","United States","Y"
112,"Astraeus",\N,"5W","AEU","FLYSTAR","United Kingdom","Y"
114,"Aerosvit Airlines",\N,"VV","AEW","AEROSVIT","Ukraine","Y"
116,"Air Italy",\N,"I9","AEY","AIR ITALY","Italy","Y"
120,"Alliance Airlines",\N,"QQ","UTY","UNITY","Australia","Y"
125,"Ariana Afghan Airlines",\N,"FG","AFG","ARIANA","Afghanistan","Y"
130,"Aeroflot Russian Airlines",\N,"SU","AFL","AEROFLOT","Russia","Y"
132,"Air Bosna",\N,"JA","BON","AIR BOSNA","Bosnia and Herzegovina","Y"
137,"Air France",\N,"AF","AFR","AIRFRANS","France","Y"
139,"Air Caledonie International",\N,"SB","ACI","AIRCALIN","France","Y"
149,"Air Cargo Carriers",\N,"2Q","SNC","NIGHT CARGO","United States","Y"
153,"Air Namibia",\N,"SW","NMB","NAMIBIA","Namibia","Y"
165,"Aerolitoral",\N,"5D","SLI","COSTERA","Mexico","Y"
174,"Air Glaciers",\N,"7T","AGV","AIR GLACIERS","Switzerland","Y"
179,"Aeroper",\N,"PL","PLI","Aeroperu","Peru","Y"
180,"Atlas Blue",\N,"8A","BMM","ATLAS BLUE","Morocco","Y"
197,"Azerbaijan Airlines",\N,"J2","AHY","AZAL","Azerbaijan","Y"
198,"Avies",\N,"U3","AIA","AVIES","Estonia","Y"
208,"Airblue",\N,"ED","ABQ","PAKBLUE","Pakistan","Y"
214,"Air Berlin",\N,"AB","BER","AIR BERLIN","Germany","Y"
218,"Air India Limited",\N,"AI","AIC","AIRINDIA","India","Y"
220,"Air Bourbon",\N,"ZB","BUB","BOURBON","Reunion","Y"
221,"Air Atlanta Icelandic",\N,"CC","ABD","ATLANTA","Iceland","Y"
225,"Air Tahiti Nui",\N,"TN","THT","TAHITI AIRLINES","France","Y"
231,"Arkia Israel Airlines",\N,"IZ","AIZ","ARKIA","Israel","Y"
239,"Air Jamaica",\N,"JM","AJM","JAMAICA","Jamaica","Y"
240,"Air One",\N,"AP","ADH","HERON","Italy","Y"
241,"Air Sahara",\N,"S2","RSH","SAHARA","India","Y"
242,"Air Malta",\N,"KM","AMC","AIR MALTA","Malta","Y"
250,"Air Japan",\N,"NQ","AJX","AIR JAPAN","Japan","Y"
281,"America West Airlines",\N,"HP","AWE","CACTUS","United States","Y"
282,"Air Wisconsin",\N,"ZW","AWI","AIR WISCONSIN","United States","Y"
286,"Tatarstan Airlines",\N,"U9","TAK","TATARSTAN","Russia","Y"
306,"Air Malawi",\N,"QM","AML","MALAWI","Malawi","Y"
315,"ATA Airlines",\N,"","AMT","AMTRAN","United States","Y"
316,"Air Macau",\N,"NX","AMU","AIR MACAO","Macao","Y"
319,"Air Seychelles",\N,"HM","SEY","SEYCHELLES","Seychelles","Y"
321,"AeroMéxico",\N,"AM","AMX","AEROMEXICO","Mexico","Y"
324,"All Nippon Airways","ANA All Nippon Airways","NH","ANA","ALL NIPPON","Japan","Y"
327,"Air Nostrum",\N,"YW","ANE","AIR NOSTRUM","Spain","Y"
328,"Air Niugini",\N,"PX","ANG","NUIGINI","Papua New Guinea","Y"
329,"Air Arabia",\N,"G9","ABY","ARABIA","United Arab Emirates","Y"
330,"Air Canada",\N,"AC","ACA","AIR CANADA","Canada","Y"
333,"Air Baltic",\N,"BT","BTI","AIRBALTIC","Latvia","Y"
336,"Air Nippon",\N,"EL","ANK","ANK AIR","Japan","Y"
338,"Airnorth",\N,"TL","ANO","TOPEND","Australia","Y"
341,"Air North Charter - Canada",\N,"4N","ANT","AIR NORTH","Canada","Y"
345,"Air New Zealand",\N,"NZ","ANZ","NEW ZEALAND","New Zealand","Y"
371,"Alitalia Express",\N,"XM","SMX","ALIEXPRESS","Italy","Y"
386,"Aero Flight",\N,"GV","ARF","Aero Fox","Germany","Y"
397,"Arrow Air",\N,"JW","APW","BIG A","United States","Y"
410,"Aerocondor",\N,"2B","ARD","AEROCONDOR","Portugal","Y"
411,"Aires",\N,"4C","ARE","Aerovias de Integracion Regional","S.A.","Y"
412,"Aerolineas Argentinas",\N,"AR","ARG","ARGENTINA","Argentina","Y"
439,"Alaska Airlines",\N,"AS","ASA"," Inc.","ALASKA","Y"
442,"Air Sinai",\N,"4D","ASD","AIR SINAI","Egypt","Y"
452,"Atlantic Southeast Airlines",\N,"EV","ASQ","ACEY","United States","Y"
462,"Astrakhan Airlines",\N,"OB","ASZ","AIR ASTRAKHAN","Russia","Y"
465,"Air Tanzania",\N,"TC","ATC","TANZANIA","Tanzania","Y"
470,"Air Burkina",\N,"2J","VBW","BURKINA","Burkina Faso","Y"
476,"Airlines Of Tasmania",\N,"FO","ATM","AIRTAS","Australia","Y"
477,"Air Saint Pierre",\N,"PJ","SPM","","France","Y"
491,"Austrian Airlines",\N,"OS","AUA","AUSTRIAN","Austria","Y"
493,"Augsburg Airways",\N,"IQ","AUB","AUGSBURG-AIR","Germany","Y"
502,"Abu Dhabi Amiri Flight",\N,"MO","AUH","SULTAN","United Arab Emirates","Y"
503,"Aeroflot-Nord",\N,"5N","AUL","DVINA","Russia","Y"
508,"Aurigny Air Services",\N,"GR","AUR","AYLINE","United Kingdom","Y"
510,"Austral Lineas Aereas",\N,"AU","AUT","AUSTRAL","Argentina","Y"
515,"Avianca - Aerovias Nacionales de Colombia",\N,"AV","AVA"," S.A.","AVIANCA","Y"
524,"Air Vanuatu",\N,"NF","AVN","AIR VAN","Vanuatu","Y"
543,"Air Bangladesh",\N,"B9","BGD","AIR BANGLA","Bangladesh","Y"
547,"Air Mediterranee",\N,"DR","BIE","MEDITERRANEE","France","Y"
551,"Air Moorea",\N,"","TAH","AIR MOOREA","France","Y"
563,"Aeroline GmbH",\N,"7E","AWU","SYLT-AIR","Germany","Y"
565,"Air Wales",\N,"6G","AWW","RED DRAGON","United Kingdom","Y"
567,"Air Caraïbes",\N,"TX","FWI","FRENCH WEST","France","Y"
569,"Air India Express",\N,"IX","AXB","EXPRESS INDIA","India","Y"
575,"Air Exel",\N,"XT","AXL","EXEL COMMUTER","Netherlands","Y"
576,"AirAsia","Air Asia","AK","AXM","ASIAN EXPRESS","Malaysia","Y"
595,"Atlant-Soyuz Airlines",\N,"3G","AYZ","ATLANT-SOYUZ","Russia","Y"
596,"Alitalia",\N,"AZ","AZA","ALITALIA","Italy","Y"
603,"Amaszonas",\N,"Z8","AZN","","Bolivia","Y"
608,"Air Zimbabwe",\N,"UM","AZW","AIR ZIMBABWE","Zimbabwe","Y"
622,"Aserca Airlines",\N,"R7","OCA","AROSCA","Venezuela","Y"
641,"Rossiya-Russian Airlines","Pulkovo Aviation Enterprise","FV","SDM","PULKOVO","Russia","Y"
659,"American Eagle Airlines",\N,"MQ","EGF","EAGLE FLIGHT","United States","Y"
682,"Air Ivoire",\N,"VU","VUN","AIRIVOIRE","Ivory Coast","Y"
683,"Air Botswana",\N,"BP","BOT","BOTSWANA","Botswana","Y"
690,"Air Foyle",\N,"GS","UPA","FOYLE","United Kingdom","Y"
692,"Air Tahiti",\N,"VT","VTA","AIR TAHITI","French Polynesia","Y"
695,"Air VIA",\N,"VL","VIM","","Bulgaria","Y"
715,"Africa West",\N,"FK","WTA","WEST TOGO","Togo","Y"
724,"ATRAN Cargo Airlines",\N,"V8","VAS","ATRAN","Russian Federation","Y"
751,"Air China",\N,"CA","CCA","AIR CHINA","China","Y"
753,"Aero Condor Peru",\N,"Q6","CDP","CONDOR-PERU","Peru","Y"
787,"Air Chathams",\N,"CV","CVA","CHATHAM","New Zealand","Y"
788,"Air Marshall Islands",\N,"CW","CWM","AIR MARSHALLS","Marshall Islands","Y"
792,"Access Air",\N,"ZA","CYD","CYCLONE","United States","Y"
794,"Air Algerie",\N,"AH","DAH","AIR ALGERIE","Algeria","Y"
800,"Adam Air",\N,"KI","DHI","ADAM SKY","Indonesia","Y"
807,"Air Dolomiti",\N,"EN","DLA","DOLOMOTI","Italy","Y"
816,"Aeroflot-Don",\N,"D9","DNV","DONAVIA","Russia","Y"
817,"Air Madrid",\N,"NM","DRD","ALADA AIR","Spain","Y"
837,"Aer Lingus",\N,"EI","EIN","SHAMROCK","Ireland","Y"
876,"Air Finland",\N,"OF","FIF","AIR FINLAND","Finland","Y"
878,"Airfix Aviation",\N,"","FIX","AIRFIX","Finland","Y"
879,"Air Pacific",\N,"FJ","FJI","PACIFIC","Fiji","Y"
881,"Atlantic Airways",\N,"RC","FLI","FAROELINE","Faroe Islands","Y"
882,"Air Florida",\N,"QH","FLZ","AIR FLORIDA","United States","Y"
896,"Air Iceland",\N,"NY","FXI","FAXI","Iceland","Y"
897,"Air Philippines",\N,"2P","GAP","ORIENT PACIFIC","Philippines","Y"
909,"Air Guinee Express",\N,"2U","GIP","FUTURE EXPRESS","Guinea","Y"
921,"Air Greenland",\N,"GL","GRL","GREENLAND","Denmark","Y"
928,"Atlas Air",\N,"5Y","GTI","GIANT","United States","Y"
931,"Air Guyane",\N,"GG","GUY","GREEN BIRD","French Guiana","Y"
970,"Air Bagan",\N,"W9","JAB","AIR BAGAN","Myanmar","Y"
983,"Air Canada Jazz",\N,"QK","JZA","JAZZ","Canada","Y"
995,"Atlasjet",\N,"KK","KKK","ATLASJET","Turkey","Y"
998,"Air Koryo",\N,"JS","KOR","AIR KORYO","Democratic People's Republic of Korea","Y"
1006,"Air Astana",\N,"KC","KZR","ASTANALINE","Kazakhstan","Y"
1008,"Albanian Airlines",\N,"LV","LBC","ALBANIAN","Albania","Y"
1017,"Air Alfa",\N,"","LFA","","Turkey","Y"
1034,"Aerolane",\N,"XL","LNE","LAN ECUADOR","Ecuador","Y"
1048,"Atlantis European Airways",\N,"TD","LUR","","Armenia","Y"
1052,"Air Luxor",\N,"LK","LXR","AIRLUXOR","Portugal","Y"
1057,"Air Mauritius",\N,"MK","MAU","AIRMAURITIUS","Mauritius","Y"
1066,"Air Madagascar",\N,"MD","MDG","AIR MADAGASCAR","Madagascar","Y"
1073,"Air Moldova",\N,"9U","MLD","AIR MOLDOVA","Moldova","Y"
1087,"Air Plus Comet",\N,"A7","MPD","RED COMET","Spain","Y"
1116,"Aero Contractors",\N,"AJ","NIG","AEROLINE","Nigeria","Y"
1143,"Aeropelican Air Services",\N,"OT","PEL","PELICAN","Australia","Y"
1188,"Aer Arann",\N,"RE","REA","AER ARANN","Ireland","Y"
1191,"Air Austral",\N,"UU","REU","REUNION","France","Y"
1200,"Asian Spirit",\N,"6K","RIT","ASIAN SPIRIT","Philippines","Y"
1202,"Air Afrique",\N,"RK","RKA","AIRAFRIC","Ivory Coast","Y"
1203,"Airlinair",\N,"A5","RLA","AIRLINAIR","France","Y"
1206,"Aero Lanka",\N,"QL","RLN","AERO LANKA","Sri Lanka","Y"
1213,"Air Salone",\N,"20","RNE","AIR SALONE","Sierra Leone","Y"
1216,"Armavia",\N,"U8","RNV","ARMAVIA","Armenia","Y"
1224,"AeroRep",\N,"P5","RPB","AEROREPUBLICA","Colombia","Y"
1230,"Aero-Service",\N,"BF","RSR","CONGOSERV","Republic of the Congo","Y"
1231,"Aerosur",\N,"5L","RSU","AEROSUR","Bolivia","Y"
1266,"Avient Aviation",\N,"Z3","SMJ","AVAVIA","Zimbabwe","Y"
1287,"Aircompany Yakutia",\N,"R3","SYL","AIR YAKUTIA","Russia","Y"
1290,"Aeromar",\N,"VW","TAO","TRANS-AEROMAR","Mexico","Y"
1299,"Arkefly",\N,"OR","TFL","ARKEFLY","Netherlands","Y"
1308,"Airlines PNG",\N,"CG","TOK","BALUS","Papua New Guinea","Y"
1316,"AirTran Airways",\N,"FL","TRS","CITRUS","United States","Y"
1317,"Air Transat",\N,"TS","TSC","TRANSAT","Canada","Y"
1322,"Avialeasing Aviation Company",\N,"EC","TWN","TWINARROW","Uzbekistan","Y"
1326,"Tyrolean Airways",\N,"VO","TYR","TYROLEAN","Austria","Y"
1338,"Aerolineas Galapagos (Aerogal)",\N,"2K","GLG","AEROGAL","Ecuador","Y"
1340,"Alrosa Mirny Air Enterprise",\N,"6R","DRU","MIRNY","Russia","Y"
1355,"British Airways",\N,"BA","BAW","SPEEDBIRD","United Kingdom","Y"
1359,"Biman Bangladesh Airlines",\N,"BG","BBC","BANGLADESH","Bangladesh","Y"
1401,"Belair Airlines",\N,"4T","BHP","BELAIR","Switzerland","Y"
1403,"Bahamasair",\N,"UP","BHS","BAHAMAS","Bahamas","Y"
1406,"Balkan Bulgarian Airlines",\N,"LZ","","","","Y"
1411,"British International Helicopters",\N,"BS","BIH","BRINTEL","United Kingdom","Y"
1420,"BF-Lento OY",\N,"","BKF","BAKERFLIGHT","Finland","Y"
1422,"Bangkok Airways",\N,"PG","BKP","BANGKOK AIR","Thailand","Y"
1427,"Blue1",\N,"KF","BLF","BLUEFIN","Finland","Y"
1431,"Baltic Airlines",\N,"","BLL","BALTIC AIRLINES","Russia","Y"
1434,"Bearskin Lake Air Service",\N,"JV","BLS","BEARSKIN","Canada","Y"
1436,"Bellview Airlines",\N,"B3","BLV","BELLVIEW AIRLINES","Nigeria","Y"
1437,"bmi","bmi British Midland","BD","BMA","MIDLAND","United Kingdom","Y"
1441,"bmibaby",\N,"WW","BMI","BABY","United Kingdom","Y"
1442,"Bemidji Airlines",\N,"CH","BMJ","BEMIDJI","United States","Y"
1445,"British Midland Regional",\N,"","BMR","","United Kingdom","Y"
1463,"Blue Panorama Airlines",\N,"BV","BPA","BLUE PANOROMA","Italy","Y"
1466,"Budapest Aircraft Services/Manx2",\N,"","BPS","BASE","Hungary","Y"
1472,"Bering Air",\N,"8E","BRG","BERING AIR","United States","Y"
1476,"Brazilian Air Force",\N,"","BRS","BRAZILIAN AIR FORCE","Brazil","Y"
1478,"Belavia Belarusian Airlines",\N,"B2","BRU","BELARUS AVIA","Belarus","Y"
1500,"Metro Batavia",\N,"7P","BTV","BATAVIA","Indonesia","Y"
1508,"Berjaya Air",\N,"J8","BVT","BERJAYA","Malaysia","Y"
1510,"Blue Wings",\N,"QW","BWG","BLUE WINGS","Germany","Y"
1523,"Brit Air",\N,"DB","BZH","BRITAIR","France","Y"
1531,"Brussels Airlines","SN Brussels Airlines","SN","DAT","BEE-LINE","Belgium","Y"
1539,"Binter Canarias",\N,"NT","IBB","","Spain","Y"
1542,"Blue Air",\N,"0B","JOR","BLUE TRANSPORT","Romania","Y"
1543,"British Mediterranean Airways",\N,"KJ","LAJ","BEE MED","United Kingdom","Y"
1548,"Bulgaria Air",\N,"FB","LZB","FLYING BULGARIA","Bulgaria","Y"
1550,"Barents AirLink",\N,"8N","NKF","NORDFLIGHT","Sweden","Y"
1581,"CAL Cargo Air Lines",\N,"5C","ICL","CAL","Israel","Y"
1607,"Calima Aviacion",\N,"XG","CLI","CALIMA","Spain","Y"
1615,"Canadian Airlines",\N,"CP","CDN","CANADIAN","Canada","Y"
1623,"Canadian North",\N,"5T","MPE","EMPRESS","Canada","Y"
1629,"Cape Air",\N,"9K","KAP","CAIR","United States","Y"
1663,"Caribbean Airlines",\N,"BW","BWA","CARIBBEAN AIRLINES","Trinidad and Tobago","Y"
1669,"Carpatair",\N,"V3","KRP","CARPATAIR","Romania","Y"
1675,"Caspian Airlines",\N,"RV","CPN","CASPIAN","Iran","Y"
1680,"Cathay Pacific",\N,"CX","CPA","CATHAY","Hong Kong SAR of China","Y"
1682,"Cayman Airways",\N,"KX","CAY","CAYMAN","Cayman Islands","Y"
1683,"Cebu Pacific",\N,"5J","CEB","CEBU AIR","Philippines","Y"
1700,"Central Connect Airlines",\N,"","CCG","","Czech Republic","Y"
1708,"Centralwings",\N,"C0","CLW","CENTRALWINGS","Poland","Y"
1737,"Charter Air",\N,"","CHW","CHARTER WIEN","Austria","Y"
1739,"Chautauqua Airlines",\N,"RP","CHQ","CHAUTAUQUA","United States","Y"
1756,"China Airlines",\N,"CI","CAL","DYNASTY","Taiwan","Y"
1758,"China Eastern Airlines",\N,"MU","CES","CHINA EASTERN","China","Y"
1767,"China Southern Airlines",\N,"CZ","CSN","CHINA SOUTHERN","China","Y"
1769,"China United Airlines",\N,"HR","CUA","LIANHANG","China","Y"
1771,"Yunnan Airlines",\N,"3Q","CYH","YUNNAN","China","Y"
1781,"Cimber Air",\N,"QI","CIM","CIMBER","Denmark","Y"
1784,"Cirrus Airlines",\N,"C9","RUS","CIRRUS AIR","Germany","Y"
1789,"City Airline",\N,"CF","SDR","SWEDESTAR","Sweden","Y"
1790,"City Connexion Airlines",\N,"G3","CIX","CONNEXION","Burundi","Y"
1792,"CityJet",\N,"WX","BCY","CITY-IRELAND","Ireland","Y"
1795,"BA CityFlyer",\N,"CJ","CFE","FLYER","United Kingdom","Y"
1808,"Click Airways",\N,"","CGK","CLICK AIR","Kyrgyzstan","Y"
1814,"Coastal Air",\N,"DQ","","U.S. Virgin Islands","United States","Y"
1821,"Colgan Air",\N,"9L","CJC","COLGAN","United States","Y"
1828,"Comair",\N,"OH","COM","COMAIR","United States","Y"
1829,"Comair",\N,"MN","CAW","COMMERCIAL","South Africa","Y"
1843,"CommutAir",\N,"C5","UCA","COMMUTAIR","United States","Y"
1844,"Comores Airlines",\N,"KR","CWK","CONTICOM","Comoros","Y"
1860,"Compass Airlines",\N,"CP","CPZ","Compass Rose","United States","Y"
1868,"Condor Flugdienst",\N,"DE","CFG","CONDOR","Germany","Y"
1876,"Consorcio Aviaxsa",\N,"6A","CHP","AVIACSA","Mexico","Y"
1879,"Contact Air","Contactair","C3","KIS","CONTACTAIR","Germany","Y"
1881,"Continental Airlines",\N,"CO","COA","CONTINENTAL","United States","Y"
1884,"Continental Micronesia",\N,"CS","CMI","AIR MIKE","United States","Y"
1886,"Conviasa",\N,"V0","VCV","CONVIASA","Venezuela","Y"
1889,"Copa Airlines",\N,"CM","CMP","COPA","Panama","Y"
1908,"Corsairfly",\N,"SS","CRL","CORSAIR","France","Y"
1909,"Corse-Mediterranee",\N,"XK","CCM","CORSICA","France","Y"
1925,"Croatia Airlines",\N,"OU","CTN","CROATIA","Croatia","Y"
1936,"Cubana de Aviación",\N,"CU","CUB","CUBANA","Cuba","Y"
1942,"Cyprus Airways",\N,"CY","CYP","CYPRUS","Cyprus","Y"
1946,"Czech Airlines","CSA Czech Airlines","OK","CSA","CSA-LINES","Czech Republic","Y"
1954,"DAT Danish Air Transport",\N,"DX","DTR","DANISH","Denmark","Y"
1966,"Daallo Airlines",\N,"D3","DAO","DALO AIRLINES","Djibouti","Y"
1973,"Dalavia",\N,"H8","KHB","DALAVIA","Russia","Y"
1983,"Darwin Airline",\N,"0D","DWT","DARWIN","Switzerland","Y"
2009,"Delta Air Lines",\N,"DL","DAL","DELTA","United States","Y"
2041,"Djibouti Airlines",\N,"D8","DJB","DJIBOUTI AIR","Djibouti","Y"
2047,"Dominicana de Aviaci",\N,"DO","DOA","DOMINICANA","Dominican Republic","Y"
2048,"Domodedovo Airlines",\N,"E3","DMO","DOMODEDOVO","Russia","Y"
2051,"DonbassAero",\N,"5D","UDC","DONBASS AERO","Ukraine","Y"
2056,"Dragonair",\N,"KA","HDA"," Hong Kong Dragon Airlines","DRAGON","Y"
2058,"Druk Air",\N,"KB","DRK","ROYAL BHUTAN","Bhutan","Y"
2091,"EVA Air",\N,"BR","EVA","EVA","Taiwan","Y"
2104,"East African",\N,"QU","UGX","CRANE","Uganda","Y"
2117,"Eastern Airways",\N,"T3","EZE","EASTFLIGHT","United Kingdom","Y"
2125,"Eastland Air",\N,"DK","ELA","","Australia","Y"
2138,"Edelweiss Air",\N,"WK","EDW","EDELWEISS","Switzerland","Y"
2143,"Egyptair",\N,"MS","MSR","EGYPTAIR","Egypt","Y"
2150,"El Al Israel Airlines",\N,"LY","ELY","ELAL","Israel","Y"
2155,"El-Buraq Air Transport",\N,"UZ","BRQ","BURAQAIR","Libya","Y"
2183,"Emirates","Emirates Airlines","EK","UAE","EMIRATES","United Arab Emirates","Y"
2193,"Empresa Ecuatoriana De Aviacion",\N,"EU","EEA","ECUATORIANA","Ecuador","Y"
2213,"Eritrean Airlines",\N,"B8","ERT","ERITREAN","Eritrea","Y"
2218,"Estonian Air",\N,"OV","ELL","ESTONIAN","Estonia","Y"
2220,"Ethiopian Airlines",\N,"ET","ETH","ETHIOPIAN","Ethiopia","Y"
2222,"Etihad Airways",\N,"EY","ETD","ETIHAD","United Arab Emirates","Y"
2237,"Eurocypria Airlines",\N,"UI","ECA","EUROCYPRIA","Cyprus","Y"
2238,"Eurofly",\N,"","EEZ","E-FLY","Italy","N"
2239,"Eurofly Service",\N,"GJ","EEU","EUROFLY","Italy","Y"
2245,"Eurolot",\N,"K2","ELO","EUROLOT","Poland","Y"
2251,"European Air Express",\N,"EA","EAL","STAR WING","Germany","Y"
2260,"Eurowings",\N,"EW","EWG","EUROWINGS","Germany","Y"
2261,"Evergreen International Airlines",\N,"EZ","EIA","EVERGREEN","United States","Y"
2264,"Excel Airways",\N,"JN","XLA","EXPO","United Kingdom","Y"
2265,"Excel Charter",\N,"","XEL","HELI EXCEL","United Kingdom","Y"
2293,"Express One International",\N,"EO","LHN","LONGHORN","United States","Y"
2295,"ExpressJet",\N,"XE","BTA","JET LINK","United States","Y"
2297,"easyJet","EasyJet Airline","U2","EZY","EASY","United Kingdom","Y"
2324,"Far Eastern Air Transport",\N,"EF","EFA","Far Eastern","Taiwan","Y"
2350,"Finnair",\N,"AY","FIN","FINNAIR","Finland","Y"
2351,"Finncomm Airlines",\N,"FC","WBA","WESTBIRD","Finland","Y"
2353,"Firefly",\N,"FY","FFM","FIREFLY","Malaysia","Y"
2354,"First Air",\N,"7F","FAB","","Canada","Y"
2357,"First Choice Airways",\N,"DP","FCA","JETSET","United Kingdom","Y"
2395,"Flightline",\N,"B5","FLT","FLIGHTLINE","United Kingdom","Y"
2404,"Florida West International Airways",\N,"RF","FWL","FLO WEST","United States","Y"
2417,"AirAsia X","FlyAsianXpress","D7","XAX","XANADU","Malaysia","Y"
2418,"FlyLal",\N,"TE","LIL","LITHUANIA AIR","Lithuania","Y"
2419,"FlyNordic",\N,"LF","NDC","NORDIC","Sweden","Y"
2420,"Flybaboo",\N,"F7","BBO","BABOO","Switzerland","Y"
2421,"Flybe",\N,"BE","BEE","JERSEY","United Kingdom","Y"
2425,"Flyglobespan",\N,"B4","GSM","GLOBESPAN","United Kingdom","Y"
2429,"Flyhy Cargo Airlines",\N,"","FYH","FLY HIGH","Thailand","Y"
2439,"Formosa Airlines",\N,"VY","FOS","","Taiwan","Y"
2454,"Freedom Air",\N,"FP","FRE","FREEDOM","United States","Y"
2456,"Freedom Airlines",\N,"","FRL","FREEDOM AIR","United States","Y"
2468,"Frontier Airlines",\N,"F9","FFT","FRONTIER FLIGHT","United States","Y"
2470,"Frontier Flying Service",\N,"2F","FTA","FRONTIER-AIR","United States","Y"
2486,"GB Airways",\N,"GT","GBL","GEEBEE AIRWAYS","United Kingdom","Y"
2520,"Garuda Indonesia",\N,"GA","GIA","INDONESIA","Indonesia","Y"
2524,"Gazpromavia",\N,"4G","GZP","GAZPROMAVIA","Russia","Y"
2538,"Georgian Airways",\N,"A9","TGZ","TAMAZI","Georgia","Y"
2541,"Georgian National Airlines",\N,"QB","GFG","NATIONAL","Georgia","Y"
2547,"Germania",\N,"ST","GMI","GERMANIA","Germany","Y"
2548,"Germanwings",\N,"4U","GWI","GERMAN WINGS","Germany","Y"
2556,"Ghana International Airlines",\N,"G0","GHB","GHANA AIRLINES","Ghana","Y"
2575,"Go Air",\N,"G8","GOW","GOAIR","India","Y"
2577,"GoJet Airlines",\N,"G7","GJS","GATEWAY","United States","Y"
2581,"Gol Transportes Aéreos",\N,"G3","GLO","GOL TRANSPORTE","Brazil","Y"
2585,"Golden Air",\N,"DC","GAO","GOLDEN","Sweden","Y"
2607,"Great Lakes Airlines",\N,"ZK","GLA","LAKES AIR","United States","Y"
2622,"Grupo TACA","TACA","TA","TAT","TACA-COSTARICA","Costa Rica","Y"
2637,"Gulf Air",\N,"","GFA","GULF AIR","Oman","Y"
2638,"Gulf Air Bahrain",\N,"GF","GBA","GULF BAHRAIN","Bahrain","Y"
2645,"Gulfstream International Airlines",\N,"","GFT","GULF FLIGHT","United States","Y"
2657,"Hageland Aviation Services",\N,"H6","HAG","HAGELAND","United States","Y"
2660,"Hainan Airlines",\N,"HU","CHH","HAINAN","China","Y"
2663,"Haiti Ambassador Airlines",\N,"2T","HAM","","Haiti","Y"
2674,"Hamburg International",\N,"4R","HHI","HAMBURG JET","Germany","Y"
2681,"TUIfly",\N,"X3","HLX","YELLOW CAB","Germany","Y"
2682,"Hapagfly",\N,"HF","HLF","HAPAG LLOYD","Germany","Y"
2688,"Hawaiian Airlines",\N,"HA","HAL","HAWAIIAN","United States","Y"
2692,"Hawkair",\N,"BH","","","Canada","Y"
2704,"Heli France",\N,"8H","HFR","HELIFRANCE","France","Y"
2731,"Helijet",\N,"JB","JBA","HELIJET","Canada","Y"
2747,"Hellas Jet",\N,"T4","HEJ","HELLAS JET","Greece","Y"
2748,"Hello",\N,"HW","FHE","FLYHELLO","Switzerland","Y"
2750,"Helvetic Airways",\N,"2L","OAW","HELVETIC","Switzerland","Y"
2757,"Hex'Air",\N,"UD","HER","HEX AIRLINE","France","Y"
2761,"Highland Airways",\N,"","HWY","HIWAY","United Kingdom","Y"
2765,"Hokkaido International Airlines",\N,"HD","ADO","AIR DO","Japan","Y"
2773,"Hong Kong Airlines",\N,"HX","CRK","BAUHINIA","Hong Kong SAR of China","Y"
2774,"Hong Kong Express Airways",\N,"UO","HKE","HONGKONG SHUTTLE","Hong Kong SAR of China","Y"
2778,"Horizon Air","Horizon Airlines","QX","QXE","HORIZON AIR","United States","Y"
2782,"Horizon Airlines",\N,"BN","HZA","","Australia","Y"
2822,"Iberia Airlines",\N,"IB","IBE","IBERIA","Spain","Y"
2825,"Iberworld",\N,"TY","IWD","","Spain","Y"
2826,"Ibex Airlines",\N,"FW","IBX","IBEX","Japan","Y"
2829,"Icar Air",\N,"","RAC","TUZLA AIR","Bosnia and Herzegovina","Y"
2835,"Icelandair",\N,"FI","ICE","ICEAIR","Iceland","Y"
2845,"Imair Airlines",\N,"IK","ITX","IMPROTEX","Azerbaijan","Y"
2850,"IndiGo Airlines",\N,"6E","IGO","IFLY","India","Y"
2853,"Indian Airlines",\N,"IC","IAC","INDAIR","India","Y"
2855,"Indigo",\N,"I9","IBU","INDIGO BLUE","United States","Y"
2857,"Indonesia AirAsia",\N,"QZ","AWQ","WAGON AIR","Indonesia","Y"
2858,"Indonesian Airlines",\N,"IO","IAA","INDO LINES","Indonesia","Y"
2881,"Interair South Africa",\N,"D6","ILN","INLINE","South Africa","Y"
2883,"Interavia Airlines",\N,"ZA","SUW","ASTAIR","Russia","Y"
2896,"Interlink Airlines",\N,"ID","ITK","INTERLINK","South Africa","Y"
2916,"Intersky",\N,"3L","ISK","INTERSKY","Austria","Y"
2922,"Iran Air",\N,"IR","IRA","IRANAIR","Iran","Y"
2923,"Iran Aseman Airlines",\N,"EP","IRC","","Iran","Y"
2926,"Iraqi Airways",\N,"IA","IAW","IRAQI","Iraq","Y"
2937,"Island Airlines",\N,"IS","","","United States","Y"
2942,"Cargo Plus Aviation",\N,"8L","CGP","","United Arab Emirates","Y"
2948,"Islas Airways",\N,"IF","ISW","PINTADERA","Spain","Y"
2950,"Islena De Inversiones",\N,"WC","ISV","","Honduras","Y"
2954,"Israir",\N,"6H","ISR","ISRAIR","Israel","Y"
2958,"Itek Air",\N,"GI","IKA","ITEK-AIR","Kyrgyzstan","Y"
2969,"JAL Express",\N,"JC","JEX","JANEX","Japan","Y"
2970,"JALways",\N,"JO","JAZ","JALWAYS","Japan","Y"
2987,"Japan Airlines","JAL Japan Airlines","JL","JAL","JAPANAIR","Japan","Y"
2988,"Japan Airlines Domestic",\N,"JL","JAL","J-BIRD","Japan","Y"
2989,"Japan Asia Airways",\N,"EG","JAA","ASIA","Japan","Y"
2990,"Japan Transocean Air",\N,"NU","JTA","JAI OCEAN","Japan","Y"
2993,"Jazeera Airways",\N,"J9","JZR","JAZEERA","Kuwait","Y"
2994,"Jeju Air",\N,"7C","JJA","JEJU AIR","Republic of Korea","Y"
3000,"Jet Airways",\N,"9W","JAI","JET AIRWAYS","India","Y"
3001,"Jet Airways",\N,"QJ","","","United States","Y"
3021,"Jetstar Asia Airways",\N,"3K","JSA","JETSTAR ASIA","Singapore","Y"
3026,"Jet2.com",\N,"LS","EXS","CHANNEX","United Kingdom","Y"
3027,"Jet4You","","8J","JFU","ARGAN","Morocco","Y"
3029,"JetBlue Airways",\N,"B6","JBU","JETBLUE","United States","Y"
3032,"Jetairfly",\N,"JF","JAF","BEAUTY","Belgium","Y"
3039,"Jetflite",\N,"","JEF","JETFLITE","Finland","Y"
3052,"Jetstar Airways",\N,"JQ","JST","JETSTAR","Australia","Y"
3081,"Juneyao Airlines",\N,"HO","DKH","JUNEYAO AIRLINES","China","Y"
3087,"KD Avia",\N,"KD","KNI","KALININGRAD AIR","Russia","Y"
3088,"KLM Cityhopper",\N,"WA","KLC","CITY","Netherlands","Y"
3090,"KLM Royal Dutch Airlines",\N,"KL","KLM","KLM","Netherlands","Y"
3097,"Kam Air",\N,"RQ","KMF","KAMGAR","Afghanistan","Y"
3110,"Kavminvodyavia",\N,"KV","MVD","AIR MINVODY","Russia","Y"
3122,"Kendell Airlines",\N,"","KDA","KENDELL","Australia","Y"
3123,"Kenmore Air",\N,"M5","KEN","KENMORE","United States","Y"
3126,"Kenya Airways",\N,"KQ","KQA","KENYA","Kenya","Y"
3142,"Kingfisher Airlines",\N,"IT","KFR","KINGFISHER","India","Y"
3148,"Kish Air",\N,"Y9","IRK","KISHAIR","Iran","Y"
3157,"Kogalymavia Air Company",\N,"7K","KGL","KOGALYM","Russia","Y"
3163,"Korean Air",\N,"KE","KAL","KOREANAIR","Republic of Korea","Y"
3165,"Kosmos",\N,"","KSM","KOSMOS","Russia","Y"
3168,"Krasnojarsky Airlines",\N,"7B","KJC","KRASNOJARSKY AIR","Russia","Y"
3175,"Kuban Airlines",\N,"GW","KIL","AIR KUBAN","Russia","Y"
3179,"Kuwait Airways",\N,"KU","KAC","KUWAITI","Kuwait","Y"
3180,"Kuzu Airlines Cargo",\N,"GO","KZU","KUZU CARGO","Turkey","Y"
3197,"LACSA",\N,"LR","LRC","LACSA","Costa Rica","Y"
3200,"LAN Airlines",\N,"LA","LAN","LAN","Chile","Y"
3201,"LAN Argentina",\N,"4M","DSM","LAN AR","Argentina","Y"
3204,"LAN Express",\N,"LU","LXP","LANEX","Chile","Y"
3205,"LAN Peru",\N,"LP","LPE","LANPERU","Peru","Y"
3210,"LOT Polish Airlines",\N,"LO","LOT","POLLOT","Poland","Y"
3211,"LTE International Airways",\N,"XO","LTE","FUN JET","Spain","Y"
3212,"LTU Austria",\N,"L3","LTO","BILLA TRANSPORT","Austria","Y"
3233,"Lao Airlines",\N,"QV","LAO","LAO","Lao Peoples Democratic Republic","Y"
3237,"LatCharter",\N,"","LTC","LATCHARTER","Latvia","Y"
3239,"Lauda Air",\N,"NG","LDA","LAUDA AIR","Austria","Y"
3251,"Leeward Islands Air Transport",\N,"LI","LIA","LIAT","Antigua and Barbuda","Y"
3258,"Libyan Arab Airlines",\N,"LN","LAA","LIBAIR","Libya","Y"
3287,"Linhas A",\N,"LM","LAM","MOZAMBIQUE","Mozambique","Y"
3290,"Lion Mentari Airlines",\N,"JT","LNI","LION INTER","Indonesia","Y"
3319,"Luftfahrtgesellschaft Walter",\N,"HE","LGW","WALTER","Germany","Y"
3320,"Lufthansa",\N,"LH","DLH","LUFTHANSA","Germany","Y"
3321,"Lufthansa Cargo",\N,"LH","GEC","LUFTHANSA CARGO","Germany","Y"
3322,"Lufthansa CityLine",\N,"CL","CLH","HANSALINE","Germany","Y"
3326,"Lufttransport",\N,"L5","LTR","LUFT TRANSPORT","Norway","Y"
3329,"Luxair",\N,"LG","LGL","LUXAIR","Luxembourg","Y"
3342,"L",\N,"MJ","LPR","LAPA","Argentina","Y"
3349,"MasAir",\N,"M7","MAA","MAS CARGA","Mexico","Y"
3350,"MAT Macedonian Airlines",\N,"IN","MAK","MAKAVIO","Macedonia","Y"
3354,"MIAT Mongolian Airlines",\N,"OM","MGL","MONGOL AIR","Mongolia","Y"
3357,"MNG Airlines",\N,"MB","MNB","BLACK SEA","Turkey","Y"
3363,"Macair Airlines",\N,"CC","MCK","","Australia","Y"
3366,"Maersk",\N,"DM","","","Denmark","Y"
3370,"Mahan Air",\N,"W5","IRM","MAHAN AIR","Iran","Y"
3378,"Malaysia Airlines",\N,"MH","MAS","MALAYSIAN","Malaysia","Y"
3384,"Malmo Aviation",\N,"","SCW","SCANWING","Sweden","Y"
3386,"Malmö Aviation",\N,"TF","SCW","Scanwings","Sweden","Y"
3387,"Malta Air Charter",\N,"R5","MAC","MALTA CHARTER","Malta","Y"
3389,"Malév",\N,"MA","MAH","MALEV","Hungary","Y"
3391,"Mandala Airlines",\N,"RI","MDL","MANDALA","Indonesia","Y"
3392,"Mandarin Airlines",\N,"AE","MDA","Mandarin","Taiwan","Y"
3393,"Mango",\N,"JE","MNO","TULCA","South Africa","Y"
3411,"Martinair",\N,"MP","MPH","MARTINAIR","Netherlands","Y"
3432,"Maxair",\N,"8M","MXL","MAXAIR","Sweden","Y"
3437,"Maya Island Air",\N,"MW","MYD","MYLAND","Belize","Y"
3463,"Meridiana",\N,"IG","ISS","MERAIR","Italy","Y"
3465,"Merpati Nusantara Airlines",\N,"MZ","MNA","MERPATI","Indonesia","Y"
3466,"Mesa Airlines",\N,"YV","ASH","AIR SHUTTLE","United States","Y"
3467,"Mesaba Airlines",\N,"XJ","MES","MESABA","United States","Y"
3479,"Mexicana de Aviaci",\N,"MX","MXA","MEXICANA","Mexico","Y"
3490,"Middle East Airlines",\N,"ME","MEA","CEDAR JET","Lebanon","Y"
3494,"Midway Airlines",\N,"JI","MDW","MIDWAY","United States","Y"
3497,"Midwest Airlines",\N,"YX","MEP","","United States","Y"
3498,"Midwest Airlines (Egypt)",\N,"MY","MWA","","Egypt","Y"
3529,"Moldavian Airlines",\N,"2M","MDV","MOLDAVIAN","Moldova","Y"
3532,"Monarch Airlines",\N,"ZB","MON","MONARCH","United Kingdom","Y"
3534,"Myway Airlines",\N,"8I","","","Italy","Y"
3539,"Montenegro Airlines",\N,"YM","MGX","MONTAIR","Montenegro","Y"
3542,"Morningstar Air Express",\N,"","MAL","MORNINGSTAR","Canada","Y"
3545,"Moskovia Airlines",\N,"3R","GAI","GROMOV AIRLINE","Russia","Y"
3547,"Motor Sich",\N,"M9","MSI","MOTOR SICH","Ukraine","Y"
3568,"MyTravel Airways",\N,"VZ","MYT","KESTREL","United Kingdom","Y"
3569,"Myanma Airways",\N,"UB","UBA","UNIONAIR","Myanmar","Y"
3570,"Myanmar Airways International",\N,"8M","MMM","assignment postponed","Myanmar","Y"
3571,"Myflug",\N,"","MYA","MYFLUG","Iceland","Y"
3589,"Nasair",\N,"UE","NAS","NASAIRWAYS","Eritrea","Y"
3608,"National Jet Systems",\N,"NC","NJS","NATIONAL JET","Australia","Y"
3613,"Nationwide Airlines",\N,"CE","NTW","NATIONWIDE","South Africa","Y"
3618,"Nauru Air Corporation",\N,"ON","RON","AIR NAURU","Nauru","Y"
3637,"Nepal Airlines",\N,"RA","RNA","ROYAL NEPAL","Nepal","Y"
3641,"NetJets",\N,"1I","EJA","EXECJET","United States","Y"
3644,"New England Airlines",\N,"EJ","NEA","NEW ENGLAND","United States","Y"
3652,"NextJet",\N,"2N","NTJ","NEXTJET","Sweden","Y"
3661,"Niki",\N,"HG","NLY","FLYNIKI","Austria","Y"
3674,"Nok Air",\N,"DD","NOK","NOK AIR","Thailand","Y"
3684,"Norfolk County Flight College",\N,"","NCF","COUNTY","United Kingdom","Y"
3693,"North American Airlines",\N,"","NTM","NORTHAM","Canada","Y"
3694,"North American Charters",\N,"","HMR","HAMMER","Canada","Y"
3731,"Northwest Airlines",\N,"NW","NWA","NORTHWEST","United States","Y"
3734,"Northwestern Air",\N,"J3","PLR","POLARIS","Canada","Y"
3737,"Norwegian Air Shuttle",\N,"DY","NAX","NOR SHUTTLE","Norway","Y"
3738,"Norwegian Aviation College",\N,"","TFN","SPRIT","Norway","Y"
3740,"Nouvel Air Tunisie",\N,"BJ","LBT","NOUVELAIR","Tunisia","Y"
3743,"Novair",\N,"1I","NVR","NAVIGATOR","Sweden","Y"
3754,"Nas Air",\N,"XY","KNE","NAS EXPRESS","Saudi Arabia","Y"
3759,"Oasis Hong Kong Airlines",\N,"O8","OHK","OASIS","Hong Kong","Y"
3760,"Ocean Air",\N,"","BCN","BLUE OCEAN","Mauritania","Y"
3764,"Oceanair",\N,"O6","ONE","OCEANAIR","Brazil","Y"
3765,"Oceanic Airlines",\N,"O2","","","Guinea","Y"
3776,"Olympic Airlines",\N,"OA","OAL","OLYMPIC","Greece","Y"
3778,"Oman Air",\N,"WY","OMA","OMAN AIR","Oman","Y"
3781,"Omni Air International",\N,"OY","OAE","OMNI-EXPRESS","United States","Y"
3785,"One Two Go Airlines",\N,"","OTG","THAI EXPRESS","Thailand","Y"
3788,"Onur Air",\N,"8Q","OHY","ONUR AIR","Turkey","Y"
3805,"Orenburg Airlines",\N,"R2","ORB","ORENBURG","Russia","Y"
3811,"Orient Thai Airlines",\N,"OX","OEA","ORIENT THAI","Thailand","Y"
3814,"Origin Pacific Airways",\N,"QO","OGN","ORIGIN","New Zealand","Y"
3822,"Ostfriesische Lufttransport",\N,"OL","OLT","OLTRA","Germany","Y"
3826,"Overland Airways",\N,"OJ","OLA","OVERLAND","Nigeria","Y"
3831,"Ozjet Airlines",\N,"O7","OZJ","AUSJET","Australia","Y"
3834,"PAN Air",\N,"PV","PNR","SKYJET","Spain","Y"
3835,"PB Air",\N,"9Q","PBA","PEEBEE AIR","Thailand","Y"
3839,"PLUNA",\N,"PU","PUA","PLUNA","Uruguay","Y"
3840,"PMTair",\N,"U4","PMT","MULTITRADE","Cambodia","Y"
3850,"Jetstar Pacific","Pacific Airlines","BL","PIC","PACIFIC AIRLINES","Vietnam","Y"
3856,"Pacific Coastal Airline",\N,"8P","PCO","PASCO","Canada","Y"
3857,"Pacific East Asia Cargo Airlines",\N,"Q8","PEC","PAC-EAST CARGO","Philippines","Y"
3860,"Pacific Island Aviation",\N,"","PSA","PACIFIC ISLE","United States","Y"
3865,"Pacific Wings",\N,"LW","NMI","TSUNAMI","United States","Y"
3871,"Pakistan International Airlines","PIA Pakistan International","PK","PIA","PAKISTAN","Pakistan","Y"
3907,"Paramount Airways",\N,"I7","PMW","PARAWAY","India","Y"
3914,"Passaredo Transportes Aereos",\N,"","PTB","PASSAREDO","Brazil","Y"
3926,"Pegasus Airlines",\N,"PC","PGT","SUNTURK","Turkey","Y"
3935,"Peninsula Airways",\N,"KS","PEN","PENINSULA","United States","Y"
3952,"Philippine Airlines",\N,"PR","PAL","PHILIPPINE","Philippines","Y"
3969,"Piedmont Airlines (1948-1989)",\N,"PI","PDT","PIEDMONT","United States","Y"
3976,"Pinnacle Airlines",\N,"9E","FLG","FLAGSHIP","United States","Y"
3995,"Polet",\N,"","POT","POLET","Russia","Y"
4013,"Polynesian Airlines",\N,"PH","PAO","POLYNESIAN","Samoa","Y"
4021,"Porter Airlines",\N,"PD","POE","PORTER AIR","Canada","Y"
4022,"Portugalia",\N,"NI","PGA","PORTUGALIA","Portugal","Y"
4026,"Potomac Air",\N,"BK","PDC","DISTRICT","United States","Y"
4031,"Precision Air",\N,"PW","PRF","PRECISION AIR","Tanzania","Y"
4056,"Privatair",\N,"","PTI","PRIVATAIR","Switzerland","Y"
4066,"Proflight Commuter Services",\N,"P0","","","Zambia","Y"
4089,"Qantas","Qantas Airways","QF","QFA","QANTAS","Australia","Y"
4091,"Qatar Airways",\N,"QR","QTR","QATARI","Qatar","Y"
4178,"Regional Express",\N,"ZL","RXA","REX","Australia","Y"
4187,"Republic Airlines",\N,"RW","RPA","BRICKYARD","United States","Y"
4188,"Republic Express Airlines",\N,"RH","RPH","PUBLIC EXPRESS","Indonesia","Y"
4234,"Air Rarotonga",\N,"GZ","RAR","","Cook Islands","Y"
4248,"Royal Air Maroc",\N,"AT","RAM","ROYALAIR MAROC","Morocco","Y"
4255,"Royal Brunei Airlines",\N,"BI","RBA","BRUNEI","Brunei","Y"
4259,"Royal Jordanian",\N,"RJ","RJA","JORDANIAN","Jordan","Y"
4264,"Royal Nepal Airlines",\N,"RA","RNA","ROYAL NEPAL","Nepal","Y"
4270,"Royal Phnom Penh Airways",\N,"","PPW","PHNOM-PENH AIR","Cambodia","Y"
4283,"Rusline",\N,"","RLU","RUSLINE AIR","Russia","Y"
4292,"Rwandair Express",\N,"WB","RWD","RWANDAIR","Rwanda","Y"
4294,"Ryan Air Services",\N,"","RYA","RYAN AIR","United States","Y"
4295,"Ryan International Airlines",\N,"RD","RYN","RYAN INTERNATIONAL","United States","Y"
4296,"Ryanair",\N,"FR","RYR","RYANAIR","Ireland","Y"
4299,"Régional",\N,"YS","RAE","REGIONAL EUROPE","France","Y"
4304,"SATA International",\N,"S4","RZO","AIR AZORES","Portugal","Y"
4305,"South African Airways","SAA South African Airways","SA","SAA","SPRINGBOK","South Africa","Y"
4311,"Shaheen Air International",\N,"NL","SAI","SHAHEEN AIR","Pakistan","Y"
4319,"Scandinavian Airlines System","SAS Scandinavian Airlines","SK","SAS","SCANDINAVIAN","Sweden","Y"
4323,"ScotAirways",\N,"","SAY","SUCKLING","United Kingdom","Y"
4329,"S7 Airlines","Sibir Airlines","S7","SBI","SIBERIAN AIRLINES","Russia","Y"
4335,"Seaborne Airlines",\N,"BB","SBS","SEABORNE","United States","Y"
4342,"Scenic Airlines",\N,"","SCE","SCENIC","United States","Y"
4349,"SriLankan Airlines",\N,"UL","ALK","SRILANKAN","Sri Lanka","Y"
4356,"Sun Country Airlines",\N,"SY","SCX","SUN COUNTRY","United States","Y"
4370,"Southeast Air",\N,"","SEA","SOUTHEAST AIR","United States","Y"
4374,"Sky Express",\N,"G3","SEH","AIR CRETE","Greece","Y"
4375,"Spicejet",\N,"SG","SEJ","SPICEJET","India","Y"
4388,"Star Flyer",\N,"7G","SFJ","STARFLYER","Japan","Y"
4411,"Skagway Air Service",\N,"N5","SGY","SKAGWAY AIR","United States","Y"
4414,"Sahara Airlines",\N,"","SHD","","Algeria","Y"
4429,"SATA Air Acores",\N,"SP","SAT","SATA","Portugal","Y"
4435,"Singapore Airlines",\N,"SQ","SIA","SINGAPORE","Singapore","Y"
4436,"Sibaviatrans",\N,"5M","SIB","SIBAVIA","Russia","Y"
4438,"Skynet Airlines",\N,"SI","SIH","BLUEJET","Ireland","Y"
4454,"Sriwijaya Air",\N,"SJ","SJY","SRIWIJAYA","Indonesia","Y"
4455,"Sama Airlines",\N,"ZS","SMY","NAJIM","Saudi Arabia","Y"
4464,"Singapore Airlines Cargo",\N,"SQ","SQC","SINGCARGO","Singapore","Y"
4469,"Siem Reap Airways",\N,"FT","SRH","SIEMREAP AIR","Cambodia","Y"
4475,"South East Asian Airlines",\N,"DG","SRQ","SEAIR","Philippines","Y"
4496,"Skyservice Airlines",\N,"5G","SSV","SKYTOUR","Canada","Y"
4513,"Servicios de Transportes A",\N,"FS","STU","FUEGUINO","Argentina","Y"
4521,"Sudan Airways",\N,"SD","SUD","SUDANAIR","Sudan","Y"
4533,"Saudi Arabian Airlines",\N,"SV","SVA","SAUDIA","Saudi Arabia","Y"
4547,"Southwest Airlines",\N,"WN","SWA","SOUTHWEST","United States","Y"
4550,"Southern Winds Airlines",\N,"A4","SWD","SOUTHERN WINDS","Argentina","Y"
4559,"Swiss International Air Lines","Swiss Airlines","LX","SWR","SWISS","Switzerland","Y"
4560,"Swissair",\N,"SR","SWR","Swissair","Switzerland","Y"
4563,"Swiss European Air Lines","Swiss European","","SWU","EUROSWISS","Switzerland","Y"
4564,"Swe Fly",\N,"WV","SWV","FLYING SWEDE","Sweden","Y"
4573,"SunExpress",\N,"XQ","SXS","SUNEXPRESS","Turkey","Y"
4586,"Syrian Arab Airlines",\N,"RB","SYR","SYRIANAIR","Syrian Arab Republic","Y"
4589,"Skywalk Airlines",\N,"AL","SYX","SKYWAY-EX","United States","Y"
4599,"Shandong Airlines",\N,"SC","CDG","SHANDONG","China","Y"
4606,"SAS Braathens",\N,"","CNO","SCANOR","Norway","Y"
4607,"Spring Airlines",\N,"9S","CQH","AIR SPRING","China","Y"
4608,"Sichuan Airlines",\N,"3U","CSC","SI CHUAN","China","Y"
4609,"Shanghai Airlines",\N,"FM","CSH","SHANGHAI AIR","China","Y"
4611,"Shenzhen Airlines",\N,"ZH","CSZ","SHENZHEN AIR","China","Y"
4619,"Sun D'Or",\N,"7L","ERO","ECHO ROMEO","Israel","Y"
4620,"SkyEurope",\N,"NE","ESK","RELAX","Slovakia","Y"
4640,"Sky Europe Airlines",\N,"","HSK","MATRA","Slovakia","Y"
4652,"Spanair",\N,"JK","JKK","SPANAIR","Spain","Y"
4687,"Spirit Airlines",\N,"NK","NKS","SPIRIT WINGS","United States","Y"
4691,"SATENA",\N,"9R","NSE","SATENA","Colombia","Y"
4702,"Skywest Airlines",\N,"","OZW","OZWEST","Australia","Y"
4735,"Santa Barbara Airlines",\N,"S3","BBR","SANTA BARBARA","Venezuela","Y"
4737,"Sky Airline",\N,"H2","SKU","AEROSKY","Chile","Y"
4738,"SkyWest",\N,"OO","SKW","SKYWEST","United States","Y"
4739,"Skyways Express",\N,"JZ","SKX","SKY EXPRESS","Sweden","Y"
4740,"Skymark Airlines",\N,"BC","SKY","SKYMARK","Japan","Y"
4750,"SilkAir",\N,"MI","SLK","SILKAIR","Singapore","Y"
4752,"Surinam Airways",\N,"PY","SLM","SURINAM","Suriname","Y"
4776,"Sterling Airlines",\N,"NB","SNB","STERLING","Denmark","Y"
4781,"Skynet Asia Airways",\N,"6J","SNJ","NEWSKY","Japan","Y"
4797,"Solomon Airlines",\N,"IE","SOL","SOLOMON","Solomon Islands","Y"
4804,"Southern Airways",\N,"","SOU","SOUTHERN EXPRESS","United States","Y"
4805,"Saratov Aviation Division",\N,"6W","SOV","SARATOV AIR","Russia","Y"
4808,"Sat Airlines",\N,"HZ","SOZ","SATCO","Kazakhstan","Y"
4816,"South Pacific Island Airways",\N,"","SPI","SOUTH PACIFIC","United States","Y"
4822,"Shuttle America",\N,"S5","TCF","MERCURY","United States","Y"
4840,"Scat Air","","DV","VSV","VLASTA","Kazakhstan","Y"
4863,"TAME",\N,"EQ","TAE","TAME","Ecuador","Y"
4867,"TAM Brazilian Airlines",\N,"JJ","TAM","TAM","Brazil","Y"
4869,"TAP Portugal","TAP Air Portugal","TP","TAP","AIR PORTUGAL","Portugal","Y"
4870,"Tunisair",\N,"TU","TAR","TUNAIR","Tunisia","Y"
4889,"Thai Air Cargo",\N,"T2","TCG","THAI CARGO","Thailand","Y"
4896,"Thomas Cook Airlines",\N,"FQ","TCW","THOMAS COOK","Belgium","Y"
4897,"Thomas Cook Airlines",\N,"MT","TCX","KESTREL","United Kingdom","Y"
4933,"Trigana Air Service",\N,"","TGN","TRIGANA","Indonesia","Y"
4936,"Tiger Airways",\N,"TR","TGW","GO CAT","Singapore","Y"
4937,"Tiger Airways Australia",\N,"TT","TGW","GO CAT","Australia","Y"
4940,"Thai Airways International",\N,"TG","THA","THAI","Thailand","Y"
4946,"Turk Hava Kurumu Hava Taksi Isletmesi",\N,"","THK","HUR KUS","Turkey","Y"
4947,"Thai AirAsia","Thai Air Asia","FD","AIQ","THAI ASIA","Thailand","Y"
4951,"Turkish Airlines",\N,"TK","THY","TURKAIR","Turkey","Y"
4957,"Tajikistan International Airlines",\N,"","TIL","TIL","Tajikistan","Y"
4965,"Twin Jet",\N,"T7","TJT","TWINJET","France","Y"
4970,"Translift Airways",\N,"","TLA","TRANSLIFT","Ireland","Y"
4981,"Trans Mediterranean Airlines",\N,"TL","TMA","TANGO LIMA","Lebanon","Y"
5002,"Tiara Air",\N,"3P","TNM","TIARA","Aruba","Y"
5013,"Thomsonfly",\N,"BY","TOM","TOMSON","United Kingdom","Y"
5016,"Tropic Air",\N,"PM","TOS","TROPISER","Belize","Y"
5020,"TAMPA",\N,"QT","TPA","TAMPA","Colombia","Y"
5038,"TransAsia Airways",\N,"GE","TNA","TransAsia","Taiwan","Y"
5039,"Transavia Holland",\N,"HV","TRA","TRANSAVIA","Netherlands","Y"
5041,"TACV",\N,"VR","TCV","CABOVERDE","Portugal","Y"
5064,"Transwest Air",\N,"9T","ABS","ATHABASKA","Canada","Y"
5067,"Transaero Airlines",\N,"UN","TSO","TRANSOVIET","Russia","Y"
5083,"Turkmenistan Airlines","Turkmenhovayollary","T5","TUA","TURKMENISTAN","Turkmenistan","Y"
5085,"Tuninter",\N,"UG","TUI","","Tunisia","Y"
5097,"Travel Service",\N,"QS","TVS","SKYTRAVEL","Czech Republic","Y"
5122,"TUIfly Nordic",\N,"6B","BLX","BLUESCAN","Sweden","Y"
5133,"TAAG Angola Airlines",\N,"DT","DTA","DTA","Angola","Y"
5146,"Turkish Air Force",\N,"","HVK","TURKISH AIRFORCE","Turkey","Y"
5156,"TAM Mercosur",\N,"PZ","LAP","PARAGUAYA","Paraguay","Y"
5160,"Trans States Airlines",\N,"AX","LOF","WATERSKI","United States","Y"
5179,"Tarom",\N,"RO","ROT","TAROM","Romania","Y"
5187,"Turan Air",\N,"3T","URN","TURAN","Azerbaijan","Y"
5188,"TRIP Linhas A",\N,"8R","TIB","TRIP","Brazil","Y"
5207,"USA3000 Airlines",\N,"U5","GWY","GETAWAY","United States","Y"
5209,"United Airlines",\N,"UA","UAL","UNITED","United States","Y"
5210,"United Air Charters",\N,"","UAC","UNITAIR","Zimbabwe","Y"
5234,"Ural Airlines",\N,"U6","SVR","SVERDLOVSK AIR","Russia","Y"
5235,"Ukraine Transavia",\N,"","TRB","KIROVTRANS","Ukraine","N"
5236,"United Arab Emirates Air Force",\N,"","UAF","UNIFORCE","United Arab Emirates","N"
5237,"Union Africaine des Transports",\N,"","UAI","UNAIR","Ivory Coast","N"
5238,"Uganda Air Cargo",\N,"","UCC","UGANDA CARGO","Uganda","N"
5239,"US Airports Air Charter",\N,"","UCH","US CHARTER","United States","N"
5240,"Ucoaviacion",\N,"","UCO","UCOAVIACION","Spain","N"
5241,"Ues-Avia Aircompany",\N,"","UES","AVIASYSTEM","Ukraine","N"
5242,"UFS",\N,"","UFS","FEEDER EXPRESS","United States","N"
5243,"Uganda Airlines",\N,"","UGA","UGANDA","Uganda","N"
5244,"Urgemer Canarias",\N,"","UGC","URGEMER","Spain","N"
5245,"Ukrainian Helicopters",\N,"","UHL","UKRAINE COPTERS","Ukraine","N"
5246,"Ulyanovsk Higher Civil Aviation School",\N,"","UHS","PILOT AIR","Russia","N"
5247,"Universal Jet Rental de Mexico",\N,"","UJR","UNIVERSAL JET","Mexico","N"
5248,"Universal Jet Aviation",\N,"","UJT","UNI-JET","United States","N"
5249,"UK International Airlines",\N,"","UKI","KHALIQ","United Kingdom","N"
5250,"Ukraine Air Alliance",\N,"","UKL","UKRAINE ALLIANCE","Ukraine","N"
5251,"UM Airlines",\N,"UF","UKM","UKRAINE MEDITERRANEE","Ukraine","Y"
5252,"Ukraine Air Enterprise",\N,"","UKN","ENTERPRISE UKRAINE","Ukraine","N"
5253,"United Kingdom Home Office",\N,"","UKP","POLICE","United Kingdom","N"
5254,"Ukrainian Cargo Airways",\N,"6Z","UKS","CARGOTRANS","Ukraine","N"
5255,"Ultrair",\N,"","ULT","ULTRAIR","United States","N"
5256,"Unitemp-M",\N,"","UMS","TOPAZ","Russia","N"
5257,"Uni-Fly",\N,"","UNC","UNICOPTER","Denmark","N"
5258,"Union Flights",\N,"","UNF","UNION FLIGHTS","United States","N"
5259,"Universal Jet",\N,"","UNJ","PROJET","Spain","N"
5260,"Unsped Paket Servisi",\N,"","UNS","UNSPED","Turkey","N"
5261,"Unifly Servizi Aerei",\N,"","UNU","UNIEURO","Italy","N"
5262,"Ukrainian Pilot School",\N,"","UPL","PILOT SCHOOL","Ukraine","N"
5263,"United Parcel Service",\N,"5X","UPS","UPS","United States","N"
5264,"Uraiavia",\N,"","URV","URAI","Russia","N"
5265,"US Airways",\N,"US","USA","U S AIR","United States","Y"
5266,"US Check Airlines",\N,"","USC","STAR CHECK","United States","N"
5267,"USAfrica Airways",\N,"","USF","AFRICA EXPRESS","United States","N"
5268,"US Helicopter",\N,"","USH","US-HELI","United States","Y"
5269,"US Jet",\N,"","USJ","USJET","United States","N"
5270,"US Express",\N,"","USX","AIR EXPRESS","United States","N"
5271,"UTair Aviation",\N,"UT","UTA","UTAIR","Russia","Y"
5272,"UTAGE",\N,"","UTG","UTAGE","Equatorial Guinea","N"
5273,"Utair South Africa",\N,"","UTR","AIRUT","South Africa","N"
5274,"Ukrainian State Air Traffic Service Enterprise",\N,"","UTS","AIRRUH","Ukraine","N"
5275,"Urartu-Air",\N,"","UTU","","Armenia","N"
5276,"Universal Airways",\N,"","UVA","UNIVERSAL","United States","N"
5277,"Universal Airlines",\N,"","UVG","GUYANA JET","Guyana","N"
5278,"Uvavemex",\N,"","UVM","UVAVEMEX","Mexico","N"
5279,"United States Air Force",\N,"","AIO","AIR CHIEF","United States","Y"
5280,"United Aviation",\N,"","UVN","UNITED AVIATION","Kuwait","N"
5281,"Uzbekistan Airways",\N,"HY","UZB","UZBEK","Uzbekistan","Y"
5282,"Ukraine International Airlines",\N,"PS","AUI","UKRAINE INTERNATIONAL","Ukraine","Y"
5283,"Universal Airlines",\N,"","WEC","AIRGO","United States","N"
5284,"US Helicopter Corporation",\N,"UH","","","United States","Y"
5288,"V Australia Airlines",\N,"VA","VAU","KANGA","Australia","N"
5289,"V Bird Airlines Netherlands",\N,"","VBA","VEEBEE","Netherlands","N"
5290,"V-avia Airline",\N,"","WIW","VEE-AVIA","Ukraine","N"
5291,"V-Berd-Avia",\N,"","VBD","VEEBIRD-AVIA","Armenia","N"
5292,"Vacationair",\N,"","VAC","VACATIONAIR","Canada","N"
5293,"Valair AG (Helicoptere)",\N,"","RDW","ROADWATCH","Switzerland","N"
5294,"Valan International Cargo Charter",\N,"","VLA","NALAU","South Africa","N"
5295,"Valan Limited",\N,"","VLN","VALAN","Moldova","N"
5296,"Valfell-Verkflug",\N,"","EHR","ROTOR","Iceland","N"
5297,"Valuair",\N,"VF","VLU","VALUAIR","Singapore","Y"
5298,"Van Air Europe",\N,"","VAA","EUROVAN","Czech Republic","N"
5299,"Vanguardia en Aviacion en Colima",\N,"","VGC","VANGUARDIA COLIMA","Mexico","N"
5300,"Vanguard Airlines",\N,"","VGD","VANGUARD AIR","United States","N"
5301,"Vasco Air",\N,"","VFC","VASCO AIR","Vietnam","Y"
5302,"Vega",\N,"","VAG","SEGA","Kazakhstan","N"
5303,"Vega Air Company",\N,"","WGA","WEGA FRANKO","Ukraine","N"
5304,"Veles",\N,"","WEL"," Ukrainian Aviation Company","VELES","N"
5305,"Verataxis",\N,"","VTX","VERATAXIS","Mexico","N"
5306,"Veritair Ltd",\N,"","BTP","NET RAIL","United Kingdom","N"
5307,"Voyageur Airways",\N,"VC","VAL","VOYAGEUR","Canada","N"
5308,"Vernicos Aviation",\N,"","GRV","NIGHT RIDER","Greece","N"
5309,"Vietnam Airlines",\N,"VN","HVN","VIET NAM AIRLINES","Vietnam","Y"
5310,"Vozdushnaya Academy",\N,"","KWA","VOZAIR","Kazakhstan","N"
5311,"VIM Airlines",\N,"NN","MOV","MOV AIR","Russia","Y"
5312,"VIM-Aviaservice",\N,"","MVY","","Russia","N"
5313,"VIA Rail Canada",\N,"2R","","","Canada","N"
5314,"Victoria Aviation",\N,"","ENV","ENDEAVOUR","United Kingdom","N"
5315,"Viscount Air Service",\N,"","VCT","VISCOUNT AIR","United States","N"
5317,"Vision Airlines",\N,"","SSI","SUPER JET","Nigeria","N"
5318,"VIP Air Charter",\N,"","FXF","FOX FLIGHT","United States","N"
5319,"VIP Avia",\N,"","PAV","NICOL","Kazakhstan","N"
5320,"VIP Avia",\N,"","PRX","PAREX","Latvia","N"
5321,"Visionair",\N,"","VAT","VISIONAIR","Ireland","N"
5322,"Viasa",\N,"VA","","","Venezuela","N"
5323,"VICA - Viacao Charter Aereos",\N,"","VCA","VICA","Brazil","N"
5324,"Volare Air Charter Company",\N,"","VCM","CARMEN","United States","N"
5325,"Volaris",\N,"Y4","VOI","VOLARIS","Mexico","Y"
5326,"Volga-Dnepr Airlines",\N,"VI","VDA","VOLGA-DNEPR","Russia","Y"
5327,"Vega Airlines",\N,"","VEA","VEGA AIRLINES","Bulgaria","N"
5328,"Venescar Internacional",\N,"","VEC","VECAR","Venezuela","N"
5329,"Victor Echo",\N,"","VEE","VICTOR ECHO","Spain","N"
5330,"Virgin Express Ireland",\N,"","VEI","GREEN ISLE","Ireland","N"
5331,"Virgin America",\N,"VX","VRD","REDWOOD","United States","Y"
5332,"Vieques Air Link",\N,"","VES","VIEQUES","United States","N"
5333,"Virgin Express",\N,"TV","VEX","VIRGIN EXPRESS","Belgium","Y"
5334,"VZ Flights",\N,"","VFT","ZETA FLIGHTS","Mexico","N"
5335,"Virgin Nigeria Airways",\N,"VK","VGN","VIRGIN NIGERIA","Nigeria","Y"
5336,"Vologda State Air Enterprise",\N,"","VGV","VOLOGDA AIR","Russia","N"
5337,"VH-Air Industrie",\N,"","VHA","AIR V-H","Angola","N"
5338,"VHM Schul-und-Charterflug",\N,"","VHM","EARLY BIRD","Germany","N"
5339,"Vibroair Flugservice",\N,"","VIB","VITUS","Germany","N"
5340,"VIP Servicios Aereos Ejecutivos",\N,"","VIC","VIP-EJECUTIVO","Mexico","N"
5341,"VIP Empresarial",\N,"","VIE","VIP EMPRESARIAL","Mexico","N"
5342,"VIF Luftahrt",\N,"","VIF","VIENNA FLIGHT","Austria","N"
5343,"Vega Aviation",\N,"","VIG","VEGA AVIATION","Sudan","N"
5344,"Vichi",\N,"","VIH","VICHI","Moldova","N"
5345,"Viking Airlines",\N,"","VIK","SWEDJET","Sweden","N"
5346,"Vinair - Helicoptereos",\N,"","VIN","VINAIR","Portugal","N"
5347,"Virgin Atlantic Airways",\N,"VS","VIR","VIRGIN","United Kingdom","Y"
5348,"Viajes Ejecutivos Mexicanos",\N,"","VJM","VIAJES MEXICANOS","Mexico","N"
5349,"Vistajet",\N,"","VJT","VISTA","Canada","N"
5350,"Viva Macau",\N,"ZG","VVM","JACKPOT","Macao","Y"
5351,"Volare Airlines",\N,"VE","VLE","VOLA","Italy","Y"
5352,"Vueling Airlines",\N,"VY","VLG","VUELING","Spain","Y"
5353,"Vladivostok Air",\N,"XF","VLK","VLADAIR","Russia","Y"
5354,"Varig Log",\N,"LC","VLO","VELOG","Brazil","Y"
5355,"Vertical-T Air Company",\N,"","VLT","VERTICAL","Russia","N"
5356,"Vero Monmouth Airlines",\N,"","VMA","VERO MONMOUTH","United States","N"
5357,"Vipport Joint Stock Company",\N,"","VNK","","Russia","N"
5358,"Viaggio Air",\N,"VM","VOA","VIAGGIO","Bulgaria","N"
5359,"Voyager Airlines",\N,"","VOG","VOYAGER AIR","Bangladesh","N"
5360,"Virgin Australia",\N,"VA","VOZ","VIRGIN","Australia","Y"
5361,"Virgin Blue",\N,"DJ","VBI","BLUEY","Australia","N"
5362,"VIP Air",\N,"","VPA","VIP TAXI","Slovakia","N"
5363,"Veteran Air",\N,"","VPB","VETERAN","Ukraine","N"
5364,"VIP-Avia",\N,"","VPV","VIP AVIA","Georgia","N"
5365,"Vertair",\N,"","VRA","VERITAIR","United Kingdom","N"
5366,"Volare Airlines",\N,"","VRE","UKRAINE VOLARE","Ukraine","N"
5367,"Voar Lda",\N,"","VRL","VOAR LINHAS","Angola","N"
5368,"VRG Linhas Aereas","Varig","RG","VRN","VARIG","Brazil","Y"
5369,"Vickers Limited",\N,"","VSB","VICKERS","United Kingdom","N"
5370,"Visig Operaciones Aereas",\N,"","VSG","VISIG","Spain","N"
5371,"Vision Airways Corporation",\N,"","VSN","VISION","Canada","N"
5372,"Voronezh Aircraft Manufacturing Society",\N,"","VSO","VASO","Russia","N"
5373,"VASP",\N,"VP","VSP","VASP","Brazil","Y"
5374,"Virign Islands Seaplane Shuttle",\N,"","VSS","WATERBIRD","United States","N"
5375,"Vuelos Especializados Tollocan",\N,"","VTC","VUELOS TOLLOCAN","Mexico","N"
5376,"Vuelos Corporativos de Tehuacan",\N,"","VTH","VUELOS TEHUACAN","Mexico","N"
5377,"Vostok Airlines",\N,"","VTK","VOSTOK","Russia","N"
5378,"Victor Tagle Larrain",\N,"","VTL","VITALA","Chile","N"
5379,"Vointeh",\N,"","VTV","VOINTEH","Bulgaria","N"
5380,"Vuelos Internos Privados VIP",\N,"","VUR","VIPEC","Ecuador","N"
5381,"Vuela Bus",\N,"","VUS","VUELA BUS","Mexico","N"
5382,"Vzlyet",\N,"","VZL","VZLYET","Russia","N"
5383,"VLM Airlines",\N,"VG","VLM","RUBENS","Belgium","Y"
5384,"Viking Express",\N,"","WCY","TITAN AIR","United States","N"
5385,"Victoria International Airways",\N,"","WEV","VICTORIA UGANDA","Uganda","N"
5386,"Volga Aviaexpress",\N,"","WLG","GOUMRAK","Russia","N"
5387,"WDL Aviation",\N,"","WDL","WDL","Germany","N"
5388,"WRA Inc",\N,"","WRR","WRAP AIR","United States","N"
5389,"WSI Corporation",\N,"","XWS","","United States","N"
5390,"Walmart Aviation",\N,"","CGG","CHARGE","United States","N"
5391,"Walsten Air Services",\N,"","WAS","WALSTEN","Canada","N"
5392,"Walter I Linkoping",\N,"","GOT","GOTHIC","Sweden","N"
5393,"Wapiti Aviation",\N,"","WPT","WAPITI","Canada","N"
5394,"Warbelow's Air Ventures",\N,"","WAV","WARBELOW","United States","N"
5395,"Warwickshire Aerocentre Ltd.",\N,"","ATX","AIRTAX","United Kingdom","N"
5396,"Wasaya Airways",\N,"","WSG","WASAYA","Canada","N"
5397,"Wayraper",\N,"7W","","WAYRAPER","Peru","Y"
5398,"Weasua Air Transport Company",\N,"","WTC","WATCO","Liberia","N"
5399,"WebJet Linhas A",\N,"WJ","WEB","WEB-BRASIL","Brazil","Y"
5400,"Welch Aviation",\N,"","TDB","THUNDER BAY","United States","N"
5401,"Welcome Air",\N,"2W","WLC","WELCOMEAIR","Austria","Y"
5402,"Wermlandsflyg AB",\N,"","BLW","BLUESTAR","Sweden","N"
5403,"West Africa Airlines",\N,"","WCB","KILO YANKEE","Ghana","N"
5404,"West African Air Transport",\N,"","WTF","WESTAF AIRTRANS","Senegal","N"
5405,"West African Airlines",\N,"","WSF","","Benin","N"
5406,"West African Cargo Airlines",\N,"","WAC","WESTAF CARGO","Mauritania","N"
5407,"West Air Luxembourg",\N,"","WLX","WEST LUX","Luxembourg","N"
5408,"West Air Sweden",\N,"PT","SWN","AIR SWEDEN","Sweden","N"
5409,"West Caribbean Airways",\N,"","WCW","","Colombia","N"
5410,"West Caribbean Costa Rica",\N,"","WCR","WEST CARIBBEAN","Costa Rica","N"
5411,"West Coast Air",\N,"8O","","","Canada","Y"
5412,"West Coast Airlines",\N,"","WCG","WHISKY INDIA","Ghana","N"
5413,"West Coast Airways",\N,"","WCA","WEST-LEONE","Sierra Leone","N"
5414,"West Freugh DTEO",\N,"","TEE","TEEBIRD","United Kingdom","N"
5415,"West Wind Aviation",\N,"","WEW","WESTWIND","Canada","N"
5416,"WestJet",\N,"WS","WJA","WESTJET","Canada","Y"
5417,"Westair Aviation",\N,"","WAA","WESTAIR WINGS","Namibia","N"
5418,"Westair Cargo Airlines",\N,"","WSC","WESTCAR","Cote d'Ivoire","N"
5419,"Westair Industries",\N,"","PCM","PAC VALLEY","United States","N"
5420,"Westcoast Energy",\N,"","BLK","BLUE FLAME","Canada","N"
5421,"Western Air",\N,"","WST","WESTERN BAHAMAS","Bahamas","N"
5422,"Western Air Couriers",\N,"","NPC","NORPAC","United States","N"
5423,"Western Air Express",\N,"","WAE","WESTERN EXPRESS","United States","N"
5424,"Western Airlines",\N,"WA","WAL","WESTERN","United States","Y"
5425,"Western Arctic Air",\N,"","WAL","WESTERN ARCTIC","Canada","N"
5426,"Western Aviators",\N,"","WTV","WESTAVIA","United States","N"
5427,"Western Express Air Lines",\N,"","WES","WEST EX","Canada","N"
5428,"Western Pacific Airlines",\N,"","KMR","KOMSTAR","United States","N"
5429,"Western Pacific Airservice",\N,"","WPA","WESTPAC","Solomon Islands","N"
5430,"Westflight Aviation",\N,"","WSL","WEST LINE","United Kingdom","N"
5431,"Westgates Airlines",\N,"","WSA","WESTATES","United States","N"
5432,"Westland Helicopters",\N,"","WHE","WESTLAND","United Kingdom","N"
5433,"Westpoint Air",\N,"","WTP","WESTPOINT","Canada","N"
5434,"Westward Airways",\N,"CN","WWD","WESTWARD","United States","N"
5435,"White",\N,"","WHT","YOUNG SKY","Portugal","N"
5436,"White Eagle Aviation",\N,"","WEA","WHITE EAGLE","Poland","N"
5437,"White River Air Services",\N,"","WRA","","Canada","N"
5438,"Whyalla Airlines",\N,"","WWL","","Australia","N"
5439,"Widerøe",\N,"WF","WIF","WIDEROE","Norway","Y"
5440,"Wiggins Airways",\N,"","WIG","WIGGINS AIRWAYS","United States","N"
5441,"Wiking Helikopter Service",\N,"","WHS","WEEKING","Germany","N"
5442,"Wilbur's Flight Operations",\N,"","WFO","WILBURS","United States","N"
5443,"Williams Air",\N,"","WLS","WILLIAMS AIR","United States","N"
5444,"Williams Grand Prix Engineering",\N,"","WGP","GRAND PRIX","United Kingdom","N"
5445,"Wimbi Dira Airways",\N,"","WDA","WIMBI DIRA","Democratic Republic of Congo","N"
5446,"Winair",\N,"","WNA","WINAIR","United States","N"
5447,"Wind Jet",\N,"IV","JET","GHIBLI","Italy","Y"
5448,"Wind Spirit Air",\N,"","WSI","WIND SPIRIT","United States","N"
5449,"Windrose Air",\N,"","QGA","QUADRIGA","Germany","N"
5450,"Windward Islands Airways International",\N,"","WIA","WINDWARD","Netherland","N"
5451,"Wings Air",\N,"IW","WON","WINGS ABADI","Indonesia","Y"
5452,"Wings Air Transport",\N,"","WAT","","Sudan","N"
5453,"Wings Airways",\N,"","WAW","WING SHUTTLE","United States","N"
5454,"Wings Aviation",\N,"","WOL","WINGJET","Guyana","N"
5455,"Wings Express",\N,"","WEX","WINGS EXPRESS","United States","N"
5456,"Wings of Alaska",\N,"K5","WAK","WINGS ALASKA","United States","N"
5457,"Wings of Lebanon Aviation",\N,"","WLB","WING LEBANON","Lebanon","N"
5458,"Winlink",\N,"","WIN","WINLINK","Saint Lucia","N"
5459,"Wisconsin Air National Guard",\N,"","WAG","","United States","N"
5460,"Wisman Aviation",\N,"","WSM","WISMAN","United States","N"
5461,"Wizz Air",\N,"W6","WZZ","WIZZ AIR","Hungary","Y"
5462,"Wizz Air Hungary",\N,"8Z","WVL","WIZZBUL","Bulgaria","Y"
5463,"Wondair on Demand Aviation",\N,"","WNR","WONDAIR","Spain","N"
5464,"Woodgate Executive Air Charter",\N,"","CWY","CAUSEWAY","United Kingdom","N"
5465,"World Airways",\N,"WO","WOA","WORLD","United States","Y"
5466,"World Weatherwatch",\N,"","XWW","","Canada","N"
5467,"World Wing Aviation",\N,"","WWM","MANAS WING","Kyrgyzstan","N"
5468,"Worldspan",\N,"1P","","","United States","N"
5469,"Worldwide Air Charter Systems",\N,"","CSW","CHARTER SYSTEMS","Canada","N"
5470,"Worldwide Aviation Services",\N,"","WWS","","Pakistan","N"
5471,"Worldwide Jet Charter",\N,"","WWI","WORLDWIDE","United States","N"
5472,"Wright Air Lines",\N,"","WRT","WRIGHT-AIR","United States","N"
5473,"Wright Air Service",\N,"8V","WRF","WRIGHT FLYER","United States","N"
5474,"Wuhan Airlines",\N,"","CWU","WUHAN AIR","China","N"
5475,"Wycombe Air Centre",\N,"","WYC","WYCOMBE","United Kingdom","N"
5476,"Wyoming Airlines",\N,"","WYG","WYOMING","United States","N"
5479,"XL Airways France",\N,"SE","SEU","STARWAY","France","Y"
5480,"XP Internation",\N,"","XPS","XP PARCEL","Netherlands","N"
5481,"Xabre Aerolineas",\N,"","XAB","AERO XABRE","Mexico","N"
5482,"Xclusive Jet Charter Limited",\N,"","XJC","EXCLUSIVE JET","United Kingdom","N"
5483,"Xerox Corporation",\N,"","XER","XEROX","United States","N"
5484,"Xiamen Airlines",\N,"MF","CXA","XIAMEN AIR","China","Y"
5485,"Xinjiang Airlines",\N,"","CXJ","XINJIANG","China","N"
5486,"Xjet Limited",\N,"","XJT","XRAY","United Kingdom","N"
5487,"Xtra Airways",\N,"XP","CXP","RUBY MOUNTAIN","United States","N"
5490,"Yak-Service",\N,"","AKY","YAK-SERVICE","Russia","N"
5491,"Yakolev",\N,"","YAK","YAK AVIA","Russia","N"
5492,"Yamal Airlines",\N,"YL","LLM","YAMAL","Russia","Y"
5493,"Yana Airlines",\N,"","CYG","VICAIR","Cambodia","N"
5494,"Yangtze River Express",\N,"Y8","YZR","YANGTZE RIVER","China","N"
5495,"Yellow Wings Air Services",\N,"","ELW","YELLOW WINGS","Kenya","N"
5496,"Yemenia",\N,"IY","IYE","YEMENI","Yemen","Y"
5497,"Yerevan-Avia",\N,"","ERV","YEREVAN-AVIA","Armenia","N"
5498,"Young Flying Service",\N,"","YFS","YOUNG AIR","United States","N"
5499,"Yuhi Air Lines",\N,"","AYU","","Japan","N"
5500,"Yuzhnaya Aircompany",\N,"","UGN","PLUTON","Kazakhstan","N"
5501,"Yuzhmashavia",\N,"","UMK","YUZMASH","Ukraine","Y"
5504,"Z-Avia",\N,"","RZV","ZEDAVIA","Armenia","N"
5505,"Zagros Airlines",\N,"","IZG","ZAGROS","Iran","N"
5506,"Zaire Aero Service",\N,"","ZAI","ZASAIR","Democratic Republic of Congo","N"
5507,"Zairean Airlines",\N,"","ZAR","ZAIREAN","Democratic Republic of Congo","N"
5508,"Zambian Airways",\N,"Q3","MBN","ZAMBIANA","Zambia","N"
5509,"Zambezi Airlines",\N,"","ZMA","ZAMBEZI WINGS","Zambia","N"
5510,"Zanair",\N,"","TAN","ZANAIR","Tanzania","Y"
5511,"Zantop International Airlines",\N,"","ZAN","ZANTOP","United States","N"
5512,"ZAS Airlines of Egypt",\N,"","ZAS","ZAS AIRLINES","Egypt","N"
5513,"Zenith Air",\N,"","AZR","ZENAIR","South Africa","N"
5514,"Zenmour Airlines",\N,"","EMR","ZENMOUR","Mauritania","N"
5515,"Zephyr Express",\N,"","RZR","RECOVERY","United States","N"
5516,"Zhejiang Airlines",\N,"","CJG","ZHEJIANG","China","N"
5517,"Zhetysu",\N,"","JTU","ZHETYSU","Kazakhstan","N"
5518,"Zhez Air",\N,"","KZH","","Kazakhstan","N"
5519,"Zhongfei General Aviation",\N,"","CFZ","ZHONGFEI","China","N"
5520,"Zhongyuan Aviation",\N,"","CYN","ZHONGYUAN","China","N"
5521,"Zip",\N,"3J","WZP","ZIPPER","Canada","N"
5522,"Zimex Aviation",\N,"C4","IMX","ZIMEX","Switzerland","N"
5523,"Zoom Airlines",\N,"Z4","OOM","ZOOM","Canada","Y"
5524,"Zoom Airways",\N,"","ZAW","ZED AIR","Bangladesh","N"
5525,"Zorex",\N,"","ORZ","ZOREX","Spain","N"
5526,"Zracno Pristaniste Mali Losinj",\N,"","MLU","MALI LOSINJ","Croatia","N"
5533,"Tyrolean Airways",\N,\N,"TYR","TYROLEAN",\N,"Y"
5556,"buzz",\N,"UK","BUZ",\N,\N,"N"
5559,"Maldivian Air Taxi",\N,"8Q",\N,\N,"Maldives","Y"
5584,"Sky Express","SkyExpress","XW","SXR","SKYSTORM","Russia","Y"
5640,"Yellow Air Taxi","","Y0",\N,"","United States","N"
5651,"Royal Air Cambodge","","VJ","RAC","","Cambodia","Y"
5813,"Air Mandalay","","6T",\N,"Six Tango","Burma","Y"
5833,"TEA Switzerland","","","4SW","","Switzerland","N"
5905,"TAN-SAHSA","","SH",\N,"Sierra Hotel","Honduras","N"
5982,"Air Busan",\N,"BX","ABL","Air Busan","Republic of Korea","Y"
6002,"TUI Airlines Belgium","now Jetairlfy","TB","TUB","BEAUTY","Belgium","N"
6182,"Arctic Air","","","AKR","Arctic Norway","Norway","N"
6183,"Braathens","Braathens SAFE","BU","BRA","Braathens","Norway","N"
6196,"Globus","","GH","GLP","","Russia","Y"
6222,"Air Kazakhstan","","9Y","KZK","Kazakh","Kazakhstan","Y"
6557,"Japan Air System","","JD","JAS","Air System","Japan","Y"
6578,"Annsett New Zealand (NZA)","","ZQ",\N,"","New Zealand","N"
6855,"EasyJet (DS)","","DS",\N,"","Switzerland","Y"
6856,"Rheintalflug","","","RTL","Rheintal","Austria","N"
6860,"Dan-Air London","","","DAN","","United Kingdom","N"
6862,"Fred. Olsen","","","FOF","","Norway","N"
8359,"Star Peru (2I)","","2I",\N,"","Peru","Y"
8434,"Robin Hood Aviation","","","RHA","Sherwood","Austria","N"
8461,"Carnival Air Lines","","KW",\N,"Carnival Air","United States","Y"
8463,"United Airways","","4H","UBD","UNITED BANGLADESH","Bangladesh","Y"
8523,"Inter European Airways","","","IEA","","United Kingdom","N"
8568,"Trans Maldivian Airways","","M8","TMW","","Maldives","N"
8576,"Fly540","","5H","FFV","SWIFT TANGO","Kenya","Y"
8745,"Transavia France","","TO","TVF","FRENCH SUN","France","Y"
8809,"Island Air (WP)","","WP","MKU","","United States","Y"
9018,"1-2-go","fly 1-2-go","OG",\N,"","Thailand","N"
9082,"Uni Air","","B7","UIA","Glory","Taiwan","Y"
9135,"Gomelavia","","YD",\N,"","Belarus","Y"
9225,"NordWind Airlines","NordWind Airlines","","NWS","NORDLAND","Russia","N"
9239,"Red Wings","Avialinii 400","WZ","RWZ","AIR RED","Russia","Y"
9286,"Hellenic Star Airways","","","HST","Hellenic Star","Greece","N"
9287,"BAE Systems Flight Training","","","BAZ","","Australia","N"
9335,"TUIfly (X3)","","11",\N,"","Germany","Y"
9343,"Felix Airways","","FU","FXX","","Yemen","Y"
9344,"Kostromskie avialinii","","K1","KOQ","","Russia","Y"
9373,"Greenfly","","XX","GFY","","Spain","Y"
9531,"Tajik Air","","7J",\N,"","Tajikistan","Y"
9541,"Air Mozambique","","TM",\N,"","Mozambique","Y"
9577,"ELK Airways","","--","ELK","","Estonia","Y"
9620,"Gabon Airlines",\N,"GY","GBK","GABON AIRLINES","Gabon","Y"
9626,"MCA Airlines","","","MCA","CALSON","Sweden","Y"
9656,"Maldivo Airlines","","ML","MAV","Maldivo","Maldives","Y"
9666,"Virgin Pacific","","VH","VNP","","Fiji","Y"
9764,"Zest Air","","Z2",\N,"","Philippines","Y"
9784,"Yangon Airways","","HK",\N,"Hotel Kilo","Burma","Y"
9793,"Transport Aérien Transrégional","TAT","IJ",\N,"","France","N"
9798,"LÍO Flugmennt","","","LIO","","Iceland","N"
9808,"Minerva Airlines","","N4",\N,"","Italy","N"
9809,"Eastar Jet","","ZE","ESR","Eastar","South Korea","Y"
9810,"Jin Air","","LJ","JNA","Jin Air","South Korea","Y"
9811,"Wataniya Airways","","","KW1","","Kuwait","Y"
9814,"Aéris (Priv)","","SH",\N,"","France","N"
9818,"Air Arabia Maroc","","3O",\N,"Air Arabia","Morocco","Y"
9825,"Baltic Air lines","","B1","BA1","Baltic","Latvia","Y"
9828,"Ciel Canadien","","YC","YCC","Ciel","Canada","Y"
9829,"Canadian National Airways","","CN","YCP","CaNational","Canada","Y"
9833,"Epic Holiday","Epic Holidays","FA","4AA","Epic","United States","Y"
9838,"Indochina Airlines","","","AXC","Airspup","Vietnam","Y"
9840,"JetWind","","","JWW","Jetwind","United States","N"
9851,"Air Comet Chile","","3I",\N,"","Chile","Y"
9853,"Nazca","","-.",\N,"","Peru","N"
9859,"German Air Force - FLB","","","FLB","FLB","Germany","Y"
10069,"City-Air Germany","","","CIP","","Germany","N"
10094,"Voronezhskie Airlanes","","DN",\N,"","Russia","N"
10114,"Line Blue","","L8","LBL","Bluebird","Germany","Y"
10117,"FlyLAL Charters","","","LLC","","Lithuania","Y"
10118,"Blue Sky America","","BU","BKY","","United States","N"
10119,"Texas Spirit","","XS","TXP","","United States","N"
10121,"Illinois Airways","","IL","ILW","","United States","N"
10122,"Salzburg arrows","SZA","SZ",\N,"SZA","Austria","Y"
10123,"Texas Wings","","TQ","TXW","TXW","United States","Y"
10124,"California Western","","KT","CWS","","United States","N"
10128,"Dennis Sky","Dennis Sky Holding","DH","DSY","DSY","Israel","Y"
10224,"Zz","","ZZ",\N,"","Belgium","Y"
10226,"Atifly","","A1","A1F","atifly","United States","Y"
10318,"Air UK","","UK",\N,"","United Kingdom","N"
10334,"Suckling Airways","","CB",\N,"","United Kingdom","N"
10367,"Reno Sky","","RY",\N,"","United States","N"
10371,"Aerolineas heredas santa maria","","","SZB","","Dominican Republic","Y"
10372,"Ciao Air","","99",\N,"","Italy","Y"
10642,"Jc royal.britannica","","","JRB","","United Kingdom","Y"
10646,"Birmingham European","","VB",\N,"","United Kingdom","N"
10650,"Pal airlines","","5P",\N,"","Chile","Y"
10673,"CanXpress","","C1","CA1","CAX","Canada","Y"
10674,"Danube Wings (V5)","","V5",\N,"","Slovakia","Y"
10675,"Sharp Airlines","","SH","SHA","SHARP","Australia","Y"
10683,"CanXplorer","","C2","CAP","","Canada","Y"
10715,"Click (Mexicana)","","QA",\N,"","Mexico","Y"
10735,"World Experience Airline","WEA","W1","WE1","WEA","Canada","Y"
10737,"ALAK","","J4",\N,"","Russia","Y"
10738,"AJT Air International","","E9",\N,"","Russia","N"
10739,"Air Choice One","","3E",\N,"","United States","Y"
10740,"Tianjin Airlines","","","GCR","","China","Y"
10741,"China United","","KN",\N,"","China","Y"
10748,"Locair","","ZQ","LOC","LOCAIR","United States","Y"
10758,"Safi Airlines","","4Q",\N,"","Afghanistan","Y"
10765,"SeaPort Airlines","","K5","SQH","SASQUATCH","United States","Y"
10776,"Salmon Air","","S6",\N,"","United States","Y"
10796,"Fly Illi","","IL","ILY","","United States","N"
10798,"Bobb Air Freight","","01",\N,"","Germany","Y"
10800,"Star1 Airlines","","V9","HCW","","Lithuania","Y"
10845,"Pelita","","6D",\N,"","Indonesia","Y"
10902,"Alpi Eagles (E8)","","E8",\N,"","Italy","N"
10912,"Alaska Seaplane Service","","J5",\N,"","United States","Y"
10929,"TAN","","T8",\N,"","Argentina","N"
10945,"Enerjet","","","ENJ","ENERJET AIR","Canada","Y"
10955,"MexicanaLink","","I6","MXI","LINK","Mexico","Y"
10960,"Island Spirit","","IP","ISX","","Iceland","Y"
10969,"TACA Peru","","T0",\N,"TACA PERU","Peru","Y"
11700,"Orbest","","","OBS","ORBEST","Portugal","Y"
11719,"Southern Air Charter","","","SOA","","Bahamas","Y"
11724,"SVG Air","","","SVG","Grenadines","Saint Vincent and the Grenadines","Y"
11726,"Air Century","","","CEY","","Dominican Republic","Y"
11731,"Pan Am World Airways Dominicana","PAWA Dominicana","7Q",\N,"PAWA","Dominican Republic","Y"
11732,"Primera Air","","PF",\N,"PRIMERA","Iceland","Y"
11741,"Air Antilles Express","","3S",\N,"GREEN BIRD","Guadeloupe","Y"
11751,"Sol Lineas Aereas","","","OLS","FLIGHT SOL","Argentina","Y"
11755,"Regional Paraguaya","","P7","REP","REGIOPAR","Paraguay","Y"
11761,"VIP Ecuador","","V6",\N,"","Ecuador","Y"
11762,"Transportes Aereos Cielos Andinos","","","NDN","ANDINOS","Peru","Y"
11763,"Peruvian Airlines","","P9",\N,"","Peru","Y"
11765,"EasyFly","","","EFY","EASYFLY","Colombia","Y"
11767,"Polar Airlines","","ЯП",\N,"","Russia","Y"
11794,"Catovair","","OC",\N,"CATOVAIR","Mauritius","Y"
11795,"Andalus Lineas Aereas","","","ANU","Andalus","Spain","Y"
11798,"Air 26","","","DCD","DUCARD","Angola","Y"
11800,"Mauritania Airways","","","MTW","MAURITANIA AIRWAYS","Mauritania","Y"
11802,"CEIBA Intercontinental","","","CEL","CEIBA LINE","Equatorial Guinea","Y"
11804,"Halcyonair","","7Z",\N,"CREOLE","Cape Verde","Y"
11805,"Business Aviation","","4P",\N,"AFRICAN BUSINESS","Congo (Kinshasa)","Y"
11806,"Compagnie Africaine d\\'Aviation","","E9",\N,"AFRICOMPANY","Congo (Kinshasa)","Y"
11808,"Zambia Skyways","","K8",\N,"ZAMBIA SKIES","Zambia","Y"
11811,"AlMasria Universal Airlines","","UJ","LMU","ALMASRIA","Egypt","Y"
11813,"EgyptAir Express","","","MSE","EGYPTAIR EXPRESS","Egypt","Y"
11814,"SmartLynx Airlines","","6Y",\N,"","Latvia","Y"
11815,"Air Italy Egypt","","","EUD","","Egypt","Y"
11816,"KoralBlue Airlines","","K7","KBR","KORAL BLUE","Egypt","Y"
11820,"Wind Rose Aviation","","","WRC","WIND ROSE","Ukraine","Y"
11823,"Elysian Airlines","","E4","GIE","","Cameroon","Y"
11833,"Sevenair","","","SEN","SEVENAIR","Tunisia","Y"
11834,"Hellenic Imperial Airways","","HT","IMP","IMPERIAL","Greece","Y"
11836,"Amsterdam Airlines","","WD","AAN","AMSTEL","Netherlands","Y"
11838,"Arik Niger","","Q9","NAK","","Niger","Y"
11839,"Dana Air","","DA",\N,"DANACO","Nigeria","Y"
11840,"STP Airways","","8F","STP","SAOTOME AIRWAYS","Sao Tome and Principe","Y"
11843,"Med Airways","","7Y",\N,"FLYING CARPET","Lebanon","Y"
11850,"Skyjet Airlines","","UQ","SJU","SKYJET","Uganda","Y"
11855,"Air Volga","","G6",\N,"GOUMRAK","Russia","Y"
11856,"Transavia Denmark","","","TDK","","Denmark","Y"
11857,"Royal Falcon","","RL","RFJ","","Jordan","Y"
11873,"Euroline","","4L","MJX","GEO-LINE","Georgia","Y"
11922,"Worldways","","WG","WGC","","Canada","N"
11943,"Turkuaz Airlines","","","TRK","TURKU","Turkey","Y"
11947,"Athens Airways","","ZF",\N,"ATHENSAIR","Greece","Y"
11948,"Viking Hellas","","VQ","VKH","DELPHI","Greece","Y"
11949,"Norlandair","","","FNA","NORLAND","Iceland","Y"
11950,"Flugfelag Vestmannaeyja","","","FVM","ELEGANT","Iceland","Y"
11963,"Starline.kz","","DZ",\N,"ALUNK","Kazakhstan","Y"
11995,"Euro Harmony","Euro Harmony ","EH","EHM","","Portugal","N"
12960,"Lugansk Airlines","","L7",\N,"ENTERPRISE LUHANSK","Ukraine","Y"
12961,"Gryphon Airlines","","6P",\N,"","United States","Y"
12962,"Gadair European Airlines","","GP","GDR","GADAIR","Spain","Y"
12965,"Spirit of Manila Airlines","","SM","MNP","MANILA SKY","Philippines","Y"
12975,"Chongqing Airlines","","OQ","CQN","CHONG QING","China","Y"
12976,"Grand China Air","","","GDC","GRAND CHINA","China","Y"
12978,"West Air China","","PN","CHB","WEST CHINA","China","Y"
12990,"Falcon Air (IH)","","IH",\N,"","Sweden","N"
12997,"QatXpress","qatXpress","C3","QAX","","Qatar","Y"
13076,"OneChina","OneChina","1C","1CH","","China","Y"
13088,"NordStar Airlines","","Y7",\N,"","Russia","Y"
13089,"Joy Air","","JR","JOY","JOY AIR","China","Y"
13105,"Air India Regional","","CD",\N,"ALLIED","India","Y"
13106,"MDLR Airlines","","9H",\N,"MDLR","India","Y"
13107,"Jagson Airlines","","","JGN","JAGSON","India","Y"
13108,"Maldivian","","Q2",\N,"ISLAND AVIATION","Maldives","Y"
13130,"Xpressair","","XN",\N,"","Indonesia","Y"
13178,"Strategic Airlines","","VC",\N,"","Australia","Y"
13181,"Fars Air Qeshm","","","QFZ","FARS AIR","Iran","Y"
13187,"Eastok Avia","","","EAA","","Kyrgyzstan","Y"
13188,"Jupiter Airlines","","","JPU","JUPITERAIR","United Arab Emirates","Y"
13189,"Vision Air International","","","VIS","","Pakistan","Y"
13190,"Al-Naser Airlines","","NA",\N,"","Iraq","Y"
13200,"Fuji Dream Airlines","","JH",\N,"FUJI DREAM","Japan","Y"
13202,"Korea Express Air","","","KEA","","South Korea","Y"
13209,"Eznis Airways","","","EZA","EZNIS","Mongolia","Y"
13211,"Pacific Flier","","","PFL","KOROR","Palau","Y"
13217,"Syrian Pearl Airlines","","","PSB","","Syria","Y"
13218,"SGA Airlines","","5E",\N,"SIAM","Thailand","Y"
13242,"Air2there","","F8",\N,"","New Zealand","Y"
13254,"Avianova (Russia)","","AO",\N,"Nova","Russia","Y"
13303,"Parmiss Airlines (IPV)","","PA","IPV","IPV","Iran","Y"
13304,"EuropeSky","","ES","EUV","EuropeSky","Germany","Y"
13306,"BRAZIL AIR","BRAZIL AIR","GB","BZE","BRAZIL AIR","Brazil","Y"
13335,"Homer Air","Homer Sky","MR","OME","","Germany","Y"
13388,"Court Line","","??","???","","United Kingdom","N"
13389,"South West Africa Territory Force","SWATF","??","***","","Namibia","N"
13390,"Lombards Air","","++","---","","South Africa","N"
13391,"U.S. Air","","-+","--+","","United States","Y"
13392,"Flitestar","","GM","===","","South Africa","N"
13394,"Jayrow","","\\'","\\'\\","","Australia","Y"
13395,"Llloyd Helicopters","","::",":::","","Australia","N"
13397,"Wilderness Air","",";;",\N,"","Australia","Y"
13398,"Whitaker Air","","^^",\N,"","Australia","Y"
13633,"PanAm World Airways","","WQ","PQW","","United States","Y"
13690,"Virginwings","","YY","VWA","","Germany","Y"
13704,"KSY","Kreta Sky","KY","KSY","KSY","Greece","Y"
13732,"Buquebus Líneas Aéreas","","BQ","BQB","","Uruguay","Y"
13734,"SOCHI AIR","SOCHI","CQ","KOL","SLOW FROG","Russia","Y"
13757,"Wizz Air Ukraine","","WU","WAU","WIZZAIR UKRAINE","Ukraine","Y"
13781,"88","","47","VVN","","Cyprus","Y"
13815,"LCM AIRLINES","","LQ","LMM","","Russia","Y"
13838,"Aero Brazil","","BZ","BZL","","Brazil","N"
13899,"Cambodia Angkor Air (K6)","","K6",\N,"","Cambodia","Y"
13905,"Skyline nepc","","D5",\N,"","India","N"
13923,"THREE","","H3","T33","","China","N"
13936,"Royal European Airlines","","69",\N,"","United Kingdom","Y"
13947,"Tom\\'s & co airliners","Tom\\'s air","&T","T&O","T&","France","Y"
13983,"Azul","Azul Linhas Aéreas Brasileiras","AD","AZU","","Brazil","Y"
14061,"LSM Airlines","slowbird","PQ","LOO","slowbird","Russia","Y"
14069,"Zapolyarie Airlines","Zapolyarye Airlines","","PZY","","Russia","Y"
14073,"Finlandian","","","FN1","","Finland","Y"
14094,"LionXpress","lionXpress","C4","LIX","LIX","Cameroon","Y"
14109,"Nik Airways","","X1",\N,"","Saudi Arabia","N"
14118,"Genesis","","GK",\N,"","Pakistan","Y"
14388,"Congo Express","","XZ",\N,"EXPRESSWAYS","Congo (Kinshasa)","Y"
14485,"Fly Dubai","","FZ","FDB","","United Arab Emirates","Y"
14620,"Domenican Airlines","Domenican","D1","MDO","Domenican","Dominican Republic","Y"
14679,"ConneX European Airline","","","2CO","ConneX","Austria","Y"
14725,"Air Atlantic","","9A",\N,"Atlantic","Canada","N"
14728,"Air Ops","","CR",\N,"","Sweden","N"
14849,"Aereonautica militare","","JY","AXZ","","Italy","Y"
14858,"Kal Star Aviation","","","KLS","","Indonesia","Y"
14881,"LSM AIRLINES ","Russian. Yours Air Lines ","YZ","YZZ","Moscow frog ","Russia","Y"
14921,"Aero Lloyd (YP)","","YP","AEF","","Germany","N"
15814,"UTair-Express","","UR",\N,"","Russia","Y"
15837,"Huaxia","HUAXIA","G5",\N,"","China","Y"
15867,"Zabaykalskii Airlines","Baikal Airlines","ZP","ZZZ","Lakeair","Russia","Y"
15887,"CBM America","","","XBM","AIRMAX","United States","Y"
15893,"Marysya Airlines","MARYSYA AIRLINES","M4","1QA","MARSHAK AIR","Russia","Y"
15897,"N1","","N1",\N,"","Peru","Y"
15930,"Airlink (SAA)","","4Z",\N,"","South Africa","Y"
15939,"Westfalia Express VA","","","WFX","","Germany","Y"
15953,"JobAir","","3B",\N,"","Czech Republic","Y"
15970,"Zuliana de Aviacion","Zuliana","OD","ULA","","Venezuela","N"
15975,"Black Stallion Airways","","BZ","BSA","Stallion","United States","Y"
15984,"German International Air Lines","Germanair","GM","GER","","Germany","Y"
15985,"TrasBrasil","","TB","TBZ","","Brazil","Y"
15989,"TransBrasil Airlines","","TH","THS","","Brazil","Y"
15999,"China SSS","Chunqiu Airlines","9C",\N,"","China","Y"
16025,"Nihon.jet","","NJ",\N,"","Japan","N"
16084,"AIR INDOCHINE","","","IIA","","Vietnam","Y"
16093,"Transportes Aéreos Nacionales de Selva","","TJ",\N,"Aereos Selva","Peru","N"
16100,"Happy Air","","","HPY","","Thailand","Y"
16101,"Solar Air","","","SRB","Solar Air","Thailand","Y"
16103,"Air Mekong","","P8","MKG","Air Mekong","Vietnam","Y"
16110,"Harbour Air (Priv)","","H3",\N,"","Canada","Y"
16116,"Air Hamburg (AHO)","","HH","AHO","Air Hamburg","Germany","Y"
16120,"ZABAIKAL AIRLINES","ZABAIKAL ","Z6","ZTT","BAIKAL ","Russia","Y"
16127,"TransHolding","Trans","TI","THI","","Brazil","Y"
16130,"SUR Lineas Aereas","","","SZZ","","Argentina","Y"
16131,"Aerolineas Africanas","","","AA1","","Guinea","Y"
16133,"Yeti Airways","","YT",\N,"","Nepal","Y"
16134,"Georgian Airlines","","","GEG","","Georgia","N"
16135,"Yellowstone Club Private Shuttle","","Y1",\N,"YCS","United States","Y"
16136,"Caucasus Airlines","","NS",\N,"","Georgia","Y"
16139,"Serbian Airlines","","S1","SA1","","Serbia","Y"
16149,"Windward Islands Airways","","WM",\N,"Winair","Netherlands Antilles","Y"
16150,"TransHolding System","","YO","TYS","","Brazil","Y"
16151,"CCML Airlines","","CB","CCC","","Colombia","Y"
16197,"Air Charter International","","SF",\N,"","France","N"
16198,"Small Planet Airlines","","","ELC","","Lithuania","Y"
16234,"Fly Brasil","Fly Brasil","F1","FBL","FBL","Brazil","Y"
16260,"AUOS","AUOS","","AUK","AUOS","United Kingdom","N"
16261,"CB Airways UK ( Interliging Flights )","","1F","CIF","","United Kingdom","Y"
16262,"Fly Colombia ( Interliging Flights )","","3F","3FF","","Colombia","Y"
16264,"Trans Pas Air","","T6","TP6","","United States","Y"
16273,"KMV","","МИ",\N,"Air Minvody","Russia","Y"
16323,"Himalayan Airlines","Himalaya","HC","HYM","Himalayan","Nepal","Y"
16327,"Indya Airline Group","Indya1","G1","IG1","Indya1","India","Y"
16329,"Sunwing","","WG",\N,"sunwing","Canada","Y"
16358,"Turkish Wings Domestic","","","TWD","TWD","Turkey","Y"
16359,"Japan Regio","","ZX","ZXY","","Japan","Y"
16362,"OCEAN AIR CARGO","","","IXO","","India","Y"
16363,"Norte Lineas Aereas","NORTE","N0",\N,"","Argentina","Y"
16364,"Austral Brasil","Austral Brasil lineas aereas","W7",\N,"","Brazil","Y"
16373,"PEGASUS AIRLINES-","","H9",\N,"","Turkey","Y"
16399,"AirLiberté","","IJ",\N,"","France","N"
16409,"Nihon.jet connect","","","NX1","","Kyrgyzstan","Y"
16415,"Camair-co","","QC",\N,"","Cameroon","Y"
16437,"Aerocontinente (Priv)","","N6",\N,"","Peru","N"
16459,"Sky Regional","Air Canada Express","RS","SKV","Sky Regional","Canada","Y"
16475,"TUR Avrupa Hava YollarÄ±","TUR European Airways","YI",\N,"TurAvrupa","Turkey","N"
16487,"Cruzeiro do Sul Servicos Aereos","","","CRZ","","Brazil","N"
16507,"LSM International ","Moskva-air","II","UWW","moose","Russia","Y"
16508,"Baikotovitchestrian Airlines ","","BU","BUU","","American Samoa","Y"
16511,"Luchsh Airlines ","Air luch","L4","LJJ","russian sky","Russia","Y"
16556,"ENTERair","","","QQQ","","Poland","Y"
16570,"Zimbabwean Airlines","","Z7",\N,"","Zimbabwe","N"
16585,"Air Cargo Germany","","6U",\N,"Loadmaster","Germany","Y"
16615,"Mongolian International Air Lines ","Mongol Air ","7M","ZTF","Mongol_AIr ","Mongolia","Y"
16616,"Alaniya Airlines","Алания","2D",\N,"","Russia","N"
16624,"Tway Airlines","","TW","TWB","TWAY AIR","South Korea","Y"
16625,"Papillon Grand Canyon Helicopters","","HI",\N,"","United States","Y"
16628,"Jusur airways","","JX","JSR","","Egypt","Y"
16645,"NEXT Brasil","NEXT","XB","NXB","XB","Brazil","Y"
16660,"AeroWorld ","Sovet Air ","W4","WER","sovet","Russia","Y"
16671,"Cook Island Air","","KH",\N,"","Cook Islands","N"
16675,"US Africa Airways","","E8",\N,"","United States","N"
16695,"GNB Linhas Aereas","","GN",\N,"","Brazil","Y"
16702,"Usa Sky Cargo","USky","E1","ES2","USKY","United States","Y"
16707,"Hankook Airline","","HN","HNX","HNX","South Korea","Y"
16715,"Red Jet America","","RR",\N,"","United States","N"
16717,"REDjet","","Z7",\N,"","Barbados","Y"
16719,"Hellenic Airways","","1H","HEY","Hellenic","Greece","N"
16720,"Red Jet Andes","","PT",\N,"","Peru","Y"
16721,"Red Jet Canada","","QY",\N,"","Canada","Y"
16723,"Sprintair","","","SRN","","Poland","Y"
16724,"Red Jet Mexico","","4X",\N,"","Mexico","Y"
16725,"Marusya Airways","Marusya Air","Y8","MRS","snowball","Russia","Y"
16726,"Era Alaska","","7H","ERR","ERAH","United States","Y"
16728,"AirRussia","RussianConector","R8","RRJ","russiancloud","Russia","Y"
16735,"Hankook Air US","","H1","HA1","","United States","Y"
16738,"NEPC Airlines","","D5",\N,"","India","N"
16753,"Canadian World","","10","CNN","Canadian","Canada","N"
16760,"Pim Air","","","PHJ","Pim Air","Netherlands","N"
16794,"Carpatair Flight Training","","","SMW","Smartwings","Romania","Y"
16796,"I-Fly","","H5","RSY","RUSSIAN SKY","Russia","Y"
16798,"T.A.T","","IJ",\N,"","France","N"
16804,"Compania de Aviacion Faucett","","","CFP","","Peru","N"
16808,"Kar-Air","","","KAR","","Finland","N"
16811,"Alinord","","DN",\N,"","Italy","N"
16825,"Pacific Express","","VB",\N,"","United States","N"
16826,"Whitejets","","","WTJ","WHITEJET","Brazil","Y"
16837,"VickJet","","KT","VKJ","Vickjet","France","Y"
16844,"BVI Airways","","XV",\N,"","British Virgin Islands","Y"
16858,"Hamburg Airways","","","HAY","","Germany","Y"
16860,"Salsa d\\'Haiti","","SO","SLC","SALSA","Haiti","Y"
16867,"Zambezi Airlines (ZMA)","","ZJ",\N,"","Zambia","Y"
16868,"Kan Air","","","KND","Kan Air","Thailand","Y"
16881,"Air Cudlua","Air Cudlua","","CUD","Cudlua","United Kingdom","Y"
16882,"Polet Airlines (Priv)","","YQ",\N,"","Russia","Y"
16895,"Air Explore","","","AXE","","Slovakia","Y"
16900,"TROPICAL LINHAS AEREAS","TROPICAL","T1","TP3","","Brazil","N"
16901,"12 North","","12","N12","12N","India","Y"
16919,"Holidays Czech Airlines","","","HCC","","Czech Republic","Y"
16921,"Comtel Air","","","COE","","Austria","Y"
16926,"Mint Airways","","","MIC","","Spain","Y"
16932,"Orbit Airlines","Orbit","","OBT","Orbit","United States","Y"
16939,"Air Bucharest","","","BUR","","Romania","Y"
16940,"AlbaStar","","","LAV","","Spain","Y"
16942,"Mauritania Airlines International","","L6","MAI","","Mauritania","Y"
16956,"MAT Airways","","6F","MKD","","Macedonia","Y"
16960,"Asian Wings Airways","","AW","AWM","Asian Star","Burma","Y"
16963,"Air Arabia Egypt","","E5","RBG","","Egypt","Y"
16967,"Eagles Airlines","","","EGS","EAGLES","Italy","Y"
16973,"YES Airways","","","YEP","","Poland","Y"
16975,"Alitalia Cityliner","","CT",\N,"","Italy","Y"
16983,"Direct Aero Services","","","DSV","","Romania","Y"
16985,"Medallion Air","","","MDP","MEDALS","Romania","Y"
17022,"Orchid Airlines","","OI","ORC","","Australia","Y"
17023,"Asia Wings","","Y5","AWA","","Kazakhstan","Y"
17026,"Georgian International Airlines","","","GNN","GEO-LINE","Georgia","Y"
17027,"Air Batumi","","","BTM","","Georgia","Y"
17082,"Skywest Australia","","XR",\N,"","Australia","Y"
17083,"Nile Air","","NP","NIA","NILEBIRD","Egypt","Y"
17086,"Feeder Airlines","","","FDD","","Sudan","Y"
17094,"Senegal Airlines","","DN","SGG","","Senegal","Y"
17095,"Fly 6ix","","6I",\N,"","Sierra Leone","Y"
17099,"Starbow Airlines","","S9",\N,"","Ghana","Y"
17115,"Copenhagen Express","","0X","CX0","Copex","Denmark","Y"
17408,"BusinessAir","","8B","BCC","","Thailand","Y"
17519,"SENIC AIRLINES","","YR",\N,"","United States","Y"
17557,"Compass Airlines (Australia)","Southern Cross Airlines","","CYM","Compair","Australia","N"
17563,"XOJET","","","XOJ","","United States","Y"
17568,"Dexter (DXT)","Декстер авиатакси","","DXT","Dexter","Russia","N"
17571,"Sky Wing Pacific","","C7","CR7","","South Korea","Y"
17572,"Bateleur Air","","","BEU","","South Africa","Y"
17574,"Air Indus","Indus Airlines Pak","PP","AI0","AIPL","Pakistan","Y"
17575,"Samurai Airlines","Samurai Airlines (DUMMY)","07","770","Sam","Pakistan","N"
17614,"AirOne Continental","AirOne Continental","00","000","Eastern","Slovakia","N"
17618,"AirOne Polska","AirOne Polska","U1","001","AOC","Poland","N"
17628,"Orbit International Airlines","","","OAI","OA","United States","Y"
17629,"Orbit Regional Airlines","","","OAR","OA","United States","Y"
17630,"Orbit Atlantic Airways","","","OAN","","United States","Y"
17658,"Volotea","","","VOO","Volotea","Spain","Y"
17666,"Go Fly (United Kingdom)","","","GOE","Go Flight","United Kingdom","N"
17675,"Peach Aviation","","MM",\N,"Air Peach","Japan","Y"
17694,"Helitt Líneas Aéreas","","","HTH","","Spain","Y"
17695,"Russia State Transport","Federal State Budget Inst","","RSD","STATE AERO","Russia","Y"
17726,"Malaysia Wings","","","MWI","MWI","Malaysia","Y"
17750,"Aviabus","","U1","ABI","","Russia","Y"
17780,"Michael Airlines","Javi","DF","MJG","MJG","Puerto Rico","Y"
17786,"Korongo Airlines","","ZC","KGO","KORONGO","Congo (Kinshasa)","Y"
17794,"Indonesia Sky","","I5","IDS","","Indonesia","Y"
17822,"Pelangi ","","9P",\N,"","Malaysia","N"
17841,"Aws express","","B0","666","aws","United States","Y"
17859,"Southjet","","76","SJS","","United States","Y"
17860,"Southjet connect","","77","ZCS","","United States","Y"
17861,"Air Cape","","KP",\N,"","South Africa","N"
17862,"Southjet cargo","","78","XAN","","United States","Y"
17881,"Iberia Express","","I2","IBS","","Spain","Y"
17885,"Interjet (ABC Aerolineas)","","4O",\N,"INTERJET","Mexico","Y"
17889,"AirOnix","","OG",\N,"","Ukraine","Y"
17890,"Nordic Global Airlines","","NJ","NGB","Nordic Global","Finland","Y"
17891,"Scoot","","TZ","SCO","","Singapore","Y"
17893,"Starling Airlines Spain","","SX","STS","STARLING","Spain","N"
17909,"Hi Fly (5K)","","5K",\N,"","Portugal","Y"
17911,"China Northwest Airlines (WH)","","WH",\N,"","China","Y"
17935,"Zenith International Airline","Zenith","ZN","ZNA","ZENITH","Thailand","Y"
17936,"Orbit Airlines Azerbaijan","Orbit Azerbaijan","O1","OAB","Orbitaz","Azerbaijan","Y"
17955,"Air Engiadina-BRN","Air Engiadina-BRN","","RQX","Engiadina","Switzerland","N"
17963,"VG Airlines (IV)","","","FVG","Nico","Belgium","N"
17989,"Air Alps Aviation (A6)","","A6",\N,"ALPAV","Austria","Y"
18011,"Austrian Airtransport","","","AAT","","Austria","N"
18076,"Flying kangaroo Airline","Skippy","","FKA","Skippy","Australia","Y"
18083,"RusJet","","","RSJ","","Russia","Y"
18118,"VietJet Air","VietJet","","VJC","VIETJETAIR","Vietnam","Y"
18140,"Spantax S.A.","","","BXS","","Spain","N"
18169,"Patriot Airways","","P4",\N,"","United States","Y"
18178,"Vision Airlines (V2)","","V2","RBY","RUBY","United States","Y"
18228,"Chicago Express (C8)","ATA Connection","C8",\N,"","United States","N"
18232,"BQB Lineas Aereas","Buquebus","5Q",\N,"","Uruguay","Y"
18237,"AirAsia Japan","","","WAJ","WING ASIA","Japan","Y"
18239,"Yellowtail","","YE","YEL","","United States","Y"
18241,"Royal Airways","Royal Inc.","KG","RAW","RAW","United States","Y"
18252,"FlyHigh Airlines Ireland (FH)","","FH","FHI","FLYHIRELAND","Ireland","Y"
18257,"Executive AirShare","","","XSR","","United States","Y"
18475,"Hebei Airlines","","","HBH","Hebei Air","China","Y"
18476,"Air KBZ","","","KBZ","Air KBZ","Burma","Y"
18477,"Aero VIP (2D)","","2D",\N,"","Portugal","Y"
18497,"Yangon Airways Ltd.","","YH",\N,"","Burma","Y"
18529,"T.J. Air","","TJ","TJA","T.J. Air","United States","Y"
18543,"SkyWork Airlines ","","SX",\N,"SKYFOX","Switzerland","Y"
18545,"ValueJet","","J7","VJA","CRITTER","United States","N"
18553,"Maastricht Airlines","","W2",\N,"","Netherlands","Y"
18592,"CheapFlyingInternational","CheapFlying","WL","FQR","cheapflying","France","N"
18616,"Aviaexpresscruise","","E6",\N,"","Russia","N"
18617,"Euro Jet","","24",\N,"","Germany","Y"
18621,"Ukraine Atlantic","","","UAT","","Ukraine","Y"
18637,"AirOne Atlantic","AirOneAtlantic","00","AO1","","Slovakia","N"
18643,"HQ- Business Express","","HQ",\N,"BizEx","United States","N"
18668,"Nesma Airlines","","","NMA","Nesma Airlines","Egypt","Y"
18672,"East Horizon","","","EHN","EAST HORIZON","Afghanistan","Y"
18673,"Royal Southern Airlines.","Royal Southern","R1","RS1","RSA","Colombia","N"
18676,"Air Majoro","","","MJP","Air Majoro","Peru","Y"
18681,"Fly Zoom","","","UKZ","","United Kingdom","N"
18692,"Rotana Jet","","","RJD","ROTANA","United Arab Emirates","Y"
18700,"SOCHI AIR CHATER","Sochi Air ","Q3","QER","russian doll","Russia","Y"
18702,"Denim Air ","FlyNonstop","J7",\N,"DNM","Norway","Y"
18722,"WestAir","","OE",\N,"","United States","N"
18723,"WestAir Airlines","","OE",\N,"","United States","N"
18724,"WestAir Airlines ","","OE",\N,"","United States","N"
18727,"North Pacific Airlines","","NO",\N,"","United States","N"
18732,"Malindo Air","","OD","MXD","Malindo","Malaysia","Y"
18749,"Tramm Airlines","Tramm Airlines","9F","TLM","9F","Netherlands Antilles","N"
18762,"Lina Congo","","GC",\N,"","Congo (Brazzaville)","N"
18781,"Hermes Airlines","","","HRM","HERMES","Greece","Y"
18825,"Flightlink Tanzania","Flightlink","Z9",\N,"","Tanzania","Y"
18828,"IzAvia","","I8",\N,"","Russia","Y"
18860,"Катэкавиа","","","КТК","","Russia","Y"
18863,"Псковавиа","Псков Авиа","","PKV","","Russia","Y"
18896,"3 Valleys Airlines","","3V","VA3","3 Valleys","France","N"
18930,"Maryland Air","Maryland","M1","M1F","Maryland Flight","United States","Y"
18944,"Insel Air (7I/INC) (Priv)","","7I",\N,"","Netherlands Antilles","Y"
18946,"VivaColombia","","5Z","VVC","","Colombia","Y"
18952,"Flybe Finland Oy","","","FCM","FINNCOMM","Finland","Y"
18959,"Bingo Airways","Bingo","","BGY","","Poland","Y"
19007,"Bluebird Airways (BZ)","","","BBG","","Greece","Y"
19016,"Apache Air","Apache","ZM","IWA","APACHE","United States","Y"
19025,"Taunus Air Gmbh","","","TAQ","Taunusair","Germany","N"
19026,"MHS Aviation GmbH","","M2",\N,"","Germany","Y"
19030,"Jettor Airlines","Jettor","NR","JTO","JETHAPPY","Hong Kong","Y"
19204,"Eastern Atlantic Charters","","","EDI","","United States","N"
19208,"GoDutch","","GD","GOD","","Netherlands","N"
19215,"Flyme (VP)","","","VQI","","Maldives","Y"
19225,"Thai Lion Air","","SL",\N,"","Thailand","Y"
19231,"Deutsche Luftverkehrsgesellschaft","","DW","DLT","","Germany","N"
19232,"Nürnberger Flugdienst","","","NFD","","Germany","N"
19244,"Golden Myanmar Airlines","","","GMR","Golden Myanmar","Burma","Y"
19262,"ViznAir","","","VZA","Brian","United States","N"
19276,"Canaryfly","","","CNF","","Spain","Y"
19280,"Sunrise Airways","","","KSZ","","Haiti","Y"
19287,"National Air Cargo","","N8","NCR","","United States","Y"
19290,"Eastern Atlantic Virtual Airlines","","13","EAV","EAVA","United States","Y"
19305,"Citilink Indonesia","","QG",\N,"SUPERGREEN","Indonesia","Y"
19317,"Gulisano airways","","GU","GU1","","Italy","N"
19337,"Transair","","","TTZ","","Canada","Y"
19350,"Comfort Express Virtual Charters Albany","","","EVC","Comfort Express","United States","Y"
19351,"Comfort Express Virtual Charters","","","CEO","","United States","Y"
19358,"Caribbean Wings","","XP","ZYZ","caribbean Wings","Turks and Caicos Islands","N"
19359,"FLYJET","","","FYJ","Fast Jet","Poland","Y"
19361,"Snowbird Airlines","","S8","SBD","","Finland","Y"
19363,"Russkie Krylya","","","KRY","","Russia","Y"
19367,"Kharkiv Airlines","","KH","KHK","","Ukraine","Y"
19423,"Key Air","","","KWY","KeyAir","United States","N"
19433,"XAIR USA","","XA","XAU","XAIR","United States","Y"
19451,"Air Costa","","LB",\N,"","India","Y"
19459,"Simrik Airlines","","","RMK","","Nepal","Y"
19465,"Global Freightways","","F5","GF5","Freight","United States","N"
19473,"XPTO","XPTO  ","XP","XPT","XPTO","Portugal","Y"
19474,"Royal Flight","","","DME","","Russia","Y"
19525,"BBN-Airways","BlackBurn","","EGH","BBN","United Kingdom","Y"
19531,"Tomsk-Avia","","","TKS","","Russia","Y"
19538,"Vintage Props and Jets","","","VPP","VINTAGE","United States","N"
19541,"Malawian Airlines","","3W",\N,"","Malawi","Y"
19548,"Yeti Airlines ","","","NYT","","Nepal","Y"
19567,"Avilu","Avilu' SA","..","...","","Switzerland","Y"
19582,"Air Serbia",\N,"JU","ASL","AIR SERBIA","Serbia","Y"
19599,"Skyline Ulasim Ticaret A.S.","Skyline Ulasim Ticaret A.S.","","KCU","Kocoglu","Turkey","Y"
19610,"Air Lituanica","Air Lituanica","LT","LTU","LITUANICA","Lithuania","Y"
19619,"Envoy Air","","","ENY","Envoy","United States","Y"
19651,"CARICOM AIRWAYS (BARBADOS) INC.","CARICOM AIRWAYS","","CCB","","Barbados","Y"
19674,"Rainbow Air (RAI)","Rainbow Air (RAI)","RN","RAB","Rainbow","United States","Y"
19675,"Rainbow Air Canada","Rainbow Air CAN","RY","RAY","Rainbow CAN","Canada","Y"
19676,"Rainbow Air Polynesia","Rainbow Air POL","RX","RPO","Rainbow Air","United States","Y"
19677,"Rainbow Air Euro","Rainbow Air EU","RU","RUE","Rainbow Air","United Kingdom","Y"
19678,"Rainbow Air US","Rainbow Air US","RM","RNY","Rainbow Air","United States","Y"
19745,"Transilvania","","","TNS","","Romania","Y"
19751,"Dobrolet","Добролёт","QD","DOB","DOBROLET","Russia","Y"
19774,"Spike Airlines","Aero Spike","S0","SAL","Spike Air","United States","Y"
19776,"Grand Cru Airlines","","","GCA","","Lithuania","Y"
19785,"Go2Sky","","","RLX","RELAX","Slovakia","Y"
19803,"All Argentina","All Argentina","L1","AL1","","Argentina","Y"
19804,"All America","All America","A2","AL2","","United States","Y"
19805,"All Asia","All Asia","L9","AL3","","China","Y"
19806,"All Africa","All Africa","9A","99F","","South Africa","Y"
19807,"Regionalia México","Regionalia México","N4","J88","","Mexico","Y"
19808,"All Europe","All Europe","N9","N99","","United Kingdom","Y"
19809,"All Spain","All Spain","N7","N77","","Spain","Y"
19810,"Regional Air Iceland","Regional Air Iceland","9N","N78","","Iceland","Y"
19811,"British Air Ferries","","??","??!","","United Kingdom","N"
19812,"Voestar","Voestar Brasil","8K","K88","","Brazil","Y"
19813,"All Colombia","All Colombia","7O","7KK","","Colombia","Y"
19814,"Regionalia Uruguay","Regionalia Uruguay","2X","2K2","","Uruguay","Y"
19815,"Regionalia Venezuela","Regionalia Venezuela","9X","9XX","","Venezuela","Y"
19827,"Regionalia Chile","Regionalia Chile","9J","CR1","","Chile","Y"
19828,"Vuela Cuba","Vuela Cuba","6C","6CC","","Cuba","Y"
19830,"All Australia","All Australia","88","8K8","","Australia","Y"
19831,"Fly Europa","","ER","RWW","","Spain","Y"
19834,"FlyPortugal","","PO","FPT","FlyPortugal","Portugal","Y"
19845,"FTI Fluggesellschaft","","","FTI","","Germany","N"
19886,"Spring Airlines Japan","","IJ","SJO","","Japan","Y"
19890,"Dense Airways","","KP","DWA","DENSE","United States","Y"
19891,"Dense Connection","","KZ","DC2","DC2","United States","Y"
19908,"Vuola Italia","Vuola Italia","4S","VI4","","Italy","Y"
19917,"Jet Suite","","","RSP","Red Stripe","United States","Y"
19923,"Fly Jamaica Airways","","","FJM","Greenheart","Jamaica","Y"
19927,"Island Express Air","","1X",\N,"Abby Air","Canada","Y"
19928,"All Argentina Express","All Argentina Express","Z0","Z9H","","Argentina","Y"
19930,"Thai Smile Airways","THAI Smile","WE",\N,"THAI SMILE","Thailand","Y"
19944,"International AirLink","","I4",\N,"","Jamaica","Y"
19963,"Real Tonga","","RT",\N,"","Tonga","Y"
19970,"All America AR","All America Argentina","2R","M7A","","Argentina","Y"
19971,"All America CL","All America Chile","1R","R1R","","Chile","Y"
19974,"SOCHI AIR EXPRESS","ADLER EXPRESS","Q4","SAE","ADLER EXPRESS","Russia","Y"
19977,"All America BR","All America Brasil","1Y","A9B","","Brazil","Y"
19979,"FRA Air","","X9","X9F","FA","Germany","N"
19983,"Royal","","QN",\N,"Roy","Canada","N"
19986,"GREAT LAKES (GX)","","GX",\N,"","Canada","N"
20004,"Volotea Costa Rica","Volotea Costa Rica","9V","VC9","","Costa Rica","Y"
20017,"Fly Romania","","X5","OTJ","TENDER AIR","Romania","Y"
20047,"Eagle Atlantic Airlines","","E2",\N,"","Ghana","Y"
20051,"Fly Africa Zimbabwe","Zimbabwe flyafrica.com","","FZW","Fresh Express","Zimbabwe","Y"
20060,"San Dima Air","(Cyber Airlines) Not Real","","SDI","FAREFLIGHT","United States","Y"
20073,"All America CO","All America Colombia","0Y","7ZC","","Colombia","Y"
20074,"All America MX","All America México","0M","0MM","","Mexico","Y"
20110,"FOX Linhas Aereas","","FX","FOX","","Brazil","Y"
20124,"Wings of England","","EX","..,","","United Kingdom","N"
20127,"Air Kenya (Priv)","","QP",\N,"","Kenya","Y"
20144,"Via Conectia Airlines","Via Conectia","6V","CZV","","Uruguay","Y"
20155,"Hebradran Air Services","","","HBR","Hebradran","United Kingdom","Y"
20158,"Pobeda","","","PBD","POBEDA","Russia","Y"
20160,"City Airways","","E8","GTA","CITY AIR","Thailand","Y"
20170,"Norwegian Long Haul AS","","DU","NLH","NORSTAR","Norway","Y"
20186,"BA101","","","710","","United Kingdom","Y"
20207,"TransNusa Air","","M8","TNU","TRANSNUSA","Indonesia","Y"
20218,"Tomp Airlines","Tomp Airlines","ZT","T9P","","Chile","Y"
20220,"Fuzhou Airlines","","","FZA","","China","Y"
20221,"Sky Angkor Airlines (ZA)","","","SWM","SKY ANGKOR","Cambodia","Y"
20222,"OneJet","","J1",\N,"","United States","Y"
20224,"Global Airlines","Global Airlines","0G","GA0","","Argentina","Y"
20225,"Mann Yadanarpon Airlines","","","MYP","MANN ROYAL","Burma","Y"
20261,"International Flying Service","IFS","F4",\N,"","Italy","N"
20264,"Air Vistara","Tata SIA Airlines","UK","VTI","","India","Y"
20268,"TransRussiaAirlines","TransRus","1E","RGG","","Russia","Y"
20270,"Severstal Air Company","","D2",\N,"","Russia","Y"
20282,"REXAIR VIRTUEL","","RR","RXR","Rexair","France","Y"
20285,"WestJet Encore","Encore","WR","WEN","Encore","Canada","Y"
20286,"Air Pegasus","","OP","PPL","","India","Y"
20288,"International Europe","International","9I","INE","","Spain","Y"
20293,"Sky Regional Airlines","","","SKV","Maple","Canada","Y"
20401,"V Air","V Air Taiwan","ZV","VAX","","Taiwan","Y"
20415,"Cello Aviation","","","CLJ","CELLOJET","United Kingdom","Y"
20438,"Naka Nihon Airlines Service","","NV","ALS","","Japan","N"
20478,"Pouya Air","","","PYA","","Iran","Y"
20548,"Islands Express","","X9",\N,"","United States","N"
20549,"Atlantic Air Services","","X7",\N,"","United States","N"
20565,"Boutique Air (Priv)","","4B","BTQ","","United States","Y"
20566,"FlyEgypt","FlyEgypt","","FEG","","Egypt","Y"
20577,"VOLOTEA Airways","","V7","VOE","","Spain","Y"
20580,"Aguilar Connect","","3X","GUI","Moonexpress","Chile","N"
20589,"ROYAL BRITAIN","Flying Brits","7V","ROB","","United Kingdom","N"
20599,"INAVIA Internacional","Internacional","Z5","IIR","","Argentina","Y"
20607,"Liberty Airways","","LE","LTY","","United States","Y"
20608,"Аэросервис","","АЯ",\N,"","Russia","Y"
20653,"Aeronautica Militare","","","IAM","Italian Airforce","Italy","Y"
20657,"Bassaka airlines","","5B","BSX","5B","Cambodia","Y"
20675,"Jetstar Japan ","","","JJP","ORANGE LINER","Japan","Y"
20686,"SkyBahamas Airlines","","Q7",\N,"TROPICAL SKY","Bahamas","Y"
20695,"UVT Aero","","UW",\N,"","Russia","Y"
20698,"First Flying","","","DAK","","Japan","Y"
20710,"Silver Airways (3M)","","3M",\N,"Silver Wings","United States","Y"
20716,"AtlasGlobal Ukraine","","","UJX","Atlas Ukraine","Ukraine","Y"
20725,"Boliviana de Aviacion (OB)","BoA","","BOV","BOLIVIANA","Bolivia","Y"
20726,"US-Bangla Airlines","","","UBG","","Bangladesh","Y"
20729,"Norwegian Air International (D8)","","","IBK","NORTRANS","Norway","Y"
20752,"ATA Airlines (Iran)","هواپیمایی آتا","I3",\N,"ATALAR","Iran","Y"
20769,"VIA Líneas Aéreas","VIA","V1","VIA","","Argentina","Y"
20777,"Palair Macedonia","","3D","PMK","","Macedonia","N"
20788,"Palair Macedonia (3D)","","3D",\N,"","Macedonia","N"
20802,"GermanXL","","GX","GXG","","Germany","Y"
20808,"Alghanim","","","KYA","","United States","Y"
20824,"Indonesa Air Aisa X","","","IDX","Red Phoenix","Indonesia","Y"
20827,"Fly France","Fly France","FF","FRF","","France","Y"
20875,"Jota Aviation","","","ENZ","ENZO","United Kingdom","Y"
20881,"Europe Jet","Europe Jet","EX","EU9","","France","Y"
20923,"COBALT","COBALT","","FCB","COBALT","Cyprus","Y"
20931,"Southern Airways Express","Sun Air Express","","LTD","LIGHTSPEED","United States","Y"
20961,"Deutsche Luftverkehrsgesellschaft (DLT)","","DW","DWD","","Germany","N"
20962,"Orenburzhie","","","ORG","","Russia","Y"
20963,"Atlantic Air Cargo","","K3",\N,"","United States","N"
20976,"World Scale Airlines","World Scale","W3","WSS","","United States","Y"
20978,"All America US","All America US","AG","SSA","","United States","Y"
20986,"University of Birmingham Air Squadron (RAF)","8AEF RAF","","UAY","UAY","United Kingdom","Y"
20991,"Choice Airways","","","CSX","","United States","Y"
20994,"Aruba Airlines","","","ARU","","Aruba","Y"
20995,"BudgetAir","BudgetAir","1K","BG1","","Germany","Y"
20996,"Dynamic Airways","","","DYA","","United States","Y"
21012,"Fly One","Fly One","F5","FI5","","Moldova","Y"
21021,"Nordica","","EE",\N,"REVAL","Estonia","Y"
21036,"Tez Jet Airlines","","","TEZ","","Kyrgyzstan","Y"
21043,"Kush Air","","","KUH","","South Sudan","Y"
21056,"Dummy","","0E",\N,"","France","N"
21124,"ViaAir","Charter Air Transport","","SRY","Stingray","United States","Y"
21131,"All America BOPY","All America BOPY","0P","PYB","BOPY","Paraguay","Y"
21179,"Thai Vietjet Air","","","TVJ","THAIVIET JET","Thailand","Y"
21181,"Air Andaman (2Y)","","2Y","AOW","AIR ANDAMAN","Thailand","N"
21240,"TDA Toa Domestic Airlines","TDA","","TDA","Toa Domes","Japan","N"
21248,"GX Airlines","","","CBG","SPRAY","China","Y"
21251,"Lynx Aviation (L3/SSX)","","","SSX","Shasta","United States","N"
21268,"Jetgo Australia","","JG",\N,"","Australia","Y"
21270,"Air Carnival","","2S",\N,"","India","Y"
21317,"Svyaz Rossiya","Russian Commuter ","7R","SJM","RussianConnecty","Russia","Y"
